😀	grinsendes Gesicht	froh,fröhlich,Gesicht,grinsen,haha,lachen,lol,lustig,Smiley
😃	grinsendes Gesicht mit großen Augen	Augen,fröhlich,Gesicht,glücklich,grinsen,große,lächeln,lachen,lol,lustig,Mund,offen,Smiley
😄	grinsendes Gesicht mit lachenden Augen	Augen,fröhlich,geschlossen,Gesicht,glücklich,grinsen,lächeln,lachen,lol,lustig,Mund,offen,Smiley,witzig
😁	strahlendes Gesicht mit lachenden Augen	Augen,fröhlich,Gesicht,grinsen,happy,lächeln,lachen,lustig,Smiley,strahlen,Zähne
😆	Grinsegesicht mit zugekniffenen Augen	Augen,geschlossen,Gesicht,Grinsegesicht,grinsen,haha,hehe,hihi,lachen,lol,lustig,Mund,offen,Smiley,witzig,zugekniffen,zusammengekniffen
😅	grinsendes Gesicht mit Schweißtropfen	Gesicht,grinsen,lächeln,lachen,lustig,Mund,nervös,offen,Schweiß,Schweißtropfen,schwitzen,Smiley
😂	Gesicht mit Freudentränen	Freude,Freudentränen,fröhlich,Gesicht,haha,happy,hehe,hihi,lachen,lol,lustig,muahaha,rofl,Smiley,Tränen,witzig
🙂	leicht lächelndes Gesicht	Gesicht,lächeln,leicht,Smiley
🙃	umgekehrtes Gesicht	auf dem Kopf,Gesicht,lächeln,Smiley,stehen,umgekehrt
😉	zwinkerndes Gesicht	Auge,flirten,Gesicht,sexy,Smiley,zudrücken,zugedrückt,zukneifen,zuzwinkern,Zwinkern
😊	lächelndes Gesicht mit lachenden Augen	Augen,erröten,Freude,freundlich,Gesicht,glücklich,lächeln,lachen,rot,Wangen
😇	lächelndes Gesicht mit Heiligenschein	brav,Engel,Gesicht,glücklich,Heiligenschein,Lächeln,lieb,seelig,Smiley
🥰	lächelndes Gesicht mit Herzen	3,anhimmeln,bewundern,Gesicht,HDGDL,HDL,Herzchen,Herzen,lächeln,lieb,Liebe,Smiley,verknallt,verliebt,verzückt
😍	lächelndes Gesicht mit herzförmigen Augen	Augen,Gesicht,glücklich,Herzen,herzförmig,lächeln,Liebe,Smiley,verliebt
😘	Kuss zuwerfendes Gesicht	flirten,Gesicht,Kuss,Küsschen,küssen,lieb,Smiley,zuwerfen
😗	küssendes Gesicht	flirten,Gesicht,HDL,Knutsch,Kuss,küssen,Smiley,xoxo
😚	küssendes Gesicht mit geschlossenen Augen	geschlossen,Gesicht,Knutsch,Kuss,Küsschen,küssen,rot,Smiley,ugen,Wangen
😋	sich die Lippen leckendes Gesicht	Gesicht,lächeln,lecker,leckeres Essen,Sich die Lippen leckender Smiley,sich die Lippen leckendes Gesicht,Smiley,Zunge
😜	zwinkerndes Gesicht mit herausgestreckter Zunge	Auge,Gesicht,herausgestreckt,herausstrecken,Smiley,zudrücken,zugedrückt,Zunge,Zwinkern
🤪	irres Gesicht	Auge,Augen,Gesicht,groß,irre,klein,Smiley,verrückt
😝	Gesicht mit herausgestreckter Zunge und zusammengekniffenen Augen	Auge,Augen,bäh,ekel,Gesicht,herausgestreckt,herausstrecken,igitt,schmeck,schrecklich,Smiley,Zunge,zusammengekniffen,zusammenkneifen
🤗	Gesicht mit umarmenden Händen	drücken,Gesicht,Hände,Smiley,umarmen,Umarmung
🤔	nachdenkendes Gesicht	fragen,Gesicht,grübeln,hm,komisch,nachdenken,nachdenklich,Smiley,wundern
🤐	Gesicht mit Reißverschlussmund	Geheimnis,Gesicht,halten,Mund,Reißverschluss,schweigen,Smiley,wahren
😐	neutrales Gesicht	ausdruckslos,Gesicht,kommentarlos,neutral,Smiley,todernst,unbeeindruckt
😑	ausdrucksloses Gesicht	ausdruckslos,Gesicht,kommentarlos,selbstgefällig,Smiley,unbeeindruckt,unglaublich
😶	Gesicht ohne Mund	Gesicht,kein,Mund,ohne,Smiley,sprachlos
😏	süffisant lächelndes Gesicht	feixen,flirten,Gesicht,lächeln,Mundwinkel,schief,Smiley,süffisant
😒	verstimmtes Gesicht	Gesicht,langweilig,Smiley,traurig,unglücklich,unzufrieden,verstimmt
🙄	Augen verdrehendes Gesicht	Augen,genervt,Gesicht,meinetwegen,nerv,ohje,rollen,Smiley,verdrehen,verrollen
😬	Grimassen schneidendes Gesicht	Gesicht,Grimasse,peinlich,schneiden,Smiley,verziehen,Zähne
😌	erleichtertes Gesicht	Augen,entspannt,erleichtert,geschlossen,Gesicht,Smiley,Zen,zufrieden
😔	nachdenkliches Gesicht	enttäuscht,Gesicht,nachdenklich,schrecklich,Smiley,traurig,verlieren,verloren
😪	schläfriges Gesicht	Gesicht,gute,müde,Nacht,schläfrig,Smiley,traurig
😴	schlafendes Gesicht	dösen,einschlafen,gähnen,Gesicht,gute Nacht,langweilig,Mittagsschlaf,müde,Nickerchen,Schlaf,schlafen,Smiley,zzz
😷	Gesicht mit Atemschutzmaske	Arzt,Atemschutzmaske,Bazillen,erkältet,Gesicht,krank,Krankheit,Mund,Mundschutz,Schutzmaske,Smiley,Viren,Virus
🤒	Gesicht mit Fieberthermometer	Fieber,Gesicht,krank,messen,Smiley,Thermometer
🤕	Gesicht mit Kopfverband	aua,autsch,Gesicht,Kopf,Schmerzen,Smiley,Verband,Verletzung
🤧	niesendes Gesicht	erkältet,Erkältung,Gesicht,Gesundheit,Grippe,hatschi,krank,Nase,niesen,putzen,Smiley,Taschentuch
🥵	schwitzendes Gesicht	erhitzt,Fieber,fiebrig,Gesicht,heiß,herausstrecken,Hitze,Hitzschlag,rot,schnaufen,schwitzen,Smiley,Zunge
🥶	frierendes Gesicht	bibbern,blau,eisig,erfrieren,frieren,frösteln,frostig,Gesicht,kalt,Smiley,unter Null,Zähne,Zähneklappern,zittern
😵	benommenes Gesicht	Augen,benommen,Gesicht,ko,krank,Kreuze,schwindelig,schwindlig,Smiley
🤯	explodierender Kopf	entsetzt,explodieren,geschockt,Gesicht,Kopf,Schock,schockiert,Smiley,überwältigt,unglaublich
🤠	Gesicht mit Cowboyhut	Cowboy,Cowboyhut,Cowgirl,Gesicht,Hut,Smiley
😎	lächelndes Gesicht mit Sonnenbrille	cool,Gesicht,lächeln,Smiley,Sonnenbrille
🤓	Strebergesicht	Brille,Gesicht,intelligent,klug,Nerd,schlau,Schlaumeier,smart,Smiley,Streber,Strebergesicht
😕	verwundertes Gesicht	Gesicht,keine Ahnung,Smiley,traurig,verwirrt,verwundert,weiß nicht
😟	besorgtes Gesicht	besorgt,Gesicht,Smiley,sorgen,traurig
🙁	betrübtes Gesicht	betrübt,Gesicht,schade,Smiley,traurig
😮	Gesicht mit offenem Mund	erstaunt,Gesicht,Mund,offen,omg,schockiert,unglaublich,vergessen,wow
😯	verdutztes Gesicht	erstaunt,Gesicht,omg,Smiley,sprachlos,verdutzt
😲	erstauntes Gesicht	erstaunt,Gesicht,nee,omg,schockiert,Smiley,verwundert
😳	errötetes Gesicht mit großen Augen	Augen,erröten,Gesicht,groß,peinlich,rot,Scham,schämen,Smiley,überrascht,verlegen,Wangen
😦	entsetztes Gesicht	entsetzt,Gesicht,Mund,offen,schockiert,Smiley,verwundert
😨	ängstliches Gesicht	Angst,ängstlich,besorgt,Gesicht
😰	besorgtes Gesicht mit Schweißtropfen	Angst,ängstlich,Angstschweiß,besorgt,Gesicht,Mund,nervös,offen,Schweiß
😥	trauriges aber erleichtertes Gesicht	ängstlich,enttäuscht,erleichtert,Gesicht,knapp,Schweiß,traurig
😢	weinendes Gesicht	Gesicht,Smiley,Träne,traurig,weinen
😭	heulendes Gesicht	flennen,Gesicht,heulen,schluchzen,Smiley,Tränen,Tränenfluss,traurig,weinen
😱	vor Angst schreiendes Gesicht	Angst,ängstlich,Gesicht,Munch,omg,Panik,Schrei,schreien,schreiend
😖	verwirrtes Gesicht	bestürzt,frustriert,Gesicht,konfus,Smiley,verwirrt,verzweifelt
😣	entschlossenes Gesicht	ausdauernd,durchhalten,Fokus,Gesicht,Konzentration,konzentrieren,Kopfschmerzen
😞	enttäuschtes Gesicht	enttäuscht,Gesicht,leider,schade,Smiley,traurig,verloren
😓	bedrücktes Gesicht mit Schweiß	Angstschweiß,Augen,bedrückt,geschlossen,Gesicht,Kopfschmerzen,Schweiß,Smiley
😩	erschöpftes Gesicht	erschöpft,Fehlschlag,Gesicht,hungrig,müde,nein,Smiley,unglücklich
😫	müdes Gesicht	Gesicht,müde,niesen,Smiley,traurig
😤	schnaubendes Gesicht	erleichtert,Gesicht,gewonnen,schnaubendes Gesicht
😡	schmollendes Gesicht	Gesicht,rot,Rot angelaufener Smiley,schmollendes Gesicht,wütend
😠	verärgertes Gesicht	ärgern,böse,Gesicht,Smiley,verärgert,Wut,wütend,zornig
🤬	Gesicht mit Symbolen über dem Mund	Ärger,ärgern,fluchen,Gesicht,Mund,schimpfen,Schimpfwort,Smiley,Symbole,verdammt,Wut,wütend,Zensur
😈	grinsendes Gesicht mit Hörnern	böse,Dämon,Dämonin,Fantasie,grinsen,Hörner,lila,Märchen,Satan,Smiley,Teufel,violett
💀	Totenkopf	Gesicht,Knochen,Märchen,Schädel,Tod,tot,Totenkopf,yolo
💩	Kothaufen	Kot,Kothaufen,Mist
🤡	Clown-Gesicht	Clown,Clown-Gesicht,Gesicht
👹	Ungeheuer	Gesicht,gruselig,Japan,japanisch,Märchen,Maske,Monster,Oger,Ungeheuer
👻	Gespenst	buh,Fantasy,Geist,Gesicht,Gespenst,gruselig,Halloween,Märchen,Spuk,Zunge
👽	Außerirdischer	Alien,All,außerirdisch,Außerirdische,Außerirdischer,Fantasy,Gesicht,Märchen,Monster,UFO,Weltraum,Wesen
🤖	Roboter	Gesicht,Monster,Roboter,Robotergesicht,Roboterkopf
👋	winkende Hand	auf Wiedersehen,bis später,ciao,guten Tag,hallo,Hand,hey,hi,tschüs,tschüss,winken
🤚	erhobene Hand von hinten	erhoben,erhobene Hand von hinten,erhobener Handrücken,Hand
✋	erhobene Hand	5,erhoben,halt,Hand,Handfläche,high five,schlag ein,Stopp,warte
👌	OK-Zeichen	exzellent,Finger,genial,Hand,in Ordnung,natürlich,OK,OK-Zeichen,perfekt,super
✌️	Victory-Geste	Sieg,V,Victory,Victory-Geste
🤞	Hand mit gekreuzten Fingern	Finger,gekreuzt,Hand,Hand mit gekreuzten Fingern
🤟	Ich-liebe-dich-Geste	drei,Finger,Geste,Hand,hdl,Ich-liebe-dich-Geste,Liebe
🤘	Teufelsgruß	corna,Finger,Hand,Heavy,Hörner,Mano cornuta,Metal,Metalhand,Pommesgabel,Rock,Teufel,Teufelsgruß,yeah
👈	nach links weisender Zeigefinger	Finger,Handrückseite,links,weisen,Zeigefinger,zeigen
👉	nach rechts weisender Zeigefinger	Finger,Handrückseite,rechts,weisen,Zeigefinger,zeigen
👆	nach oben weisender Zeigefinger von hinten	aufwärts,Finger,Handrücken,Handrückseite,hier,hinauf,melden,oben,rauf,weisen,Zeigefinger,zeigen
👇	nach unten weisender Zeigefinger	abwärts,Finger,Handrücken,Handrückseite,hinab,hinunter,runter,unten,weisen,Zeigefinger,zeigen
👍	Daumen hoch	Daumen,Daumen hoch,einverstanden,Finger,gut,Hand,in Ordnung,jawohl,klar,klasse,like,nach oben,ok,super,top
👎	Daumen runter	Daumen,Daumen runter,Hand,nach unten,schlecht
✊	erhobene Faust	erhoben,Faust,Hand,Kampf,Solidarität
👊	geballte Faust	absolut,Bro,Faust,geballt,Hand,korrekt,zustimmen
👏	klatschende Hände	applaudieren,Applaus,Beifall,Gratulation,großartig,gut,Hand,Hände,Klatschen,klatschend,toll
🙌	zwei erhobene Handflächen	erhoben,feiern,Geste,Hände,Handflächen,hurra,zwei
🙏	zusammengelegte Handflächen	beten,betend,bitten,danke,danken,Gebet,gefaltet,grüßen,Handflächen,zusammengelegt
💪	angespannter Bizeps	Arm,Bizeps,Bodybuilder,Bro,Fitnessstudio,Gewichtheben,Muckies,Muskeln,stark,Training
🦵	Bein	Bein,Extremität,Fuß,gebeugtes Knie,Gliedmaße,Knie,Körperglied,Körperteil,Treten,Tritt
👀	Augen	Auge,Augen,Gesicht,gucken,schauen,sehen
👣	Fußabdrücke	Abdruck,auf dem Weg,Fuß,Fußabdruck,Fußabdrücke
👶	Baby	Baby,Gesicht,jung,Kind,Kleinkind,Locke
🧒	Kind	Enkelkind,jung,jünger,Kind,munter,strahlend
👦	Junge	Enkelsohn,Gesicht,jung,Junge,jünger,Kind,munter,Sohn,strahlend
👧	Mädchen	Enkeltochter,Gesicht,jung,jünger,Kind,Mädchen,munter,strahlend,Tochter
🧑	Person	erwachsen,erwachsene Person,Mensch,Person
👨	Mann	erwachsen,Gesicht,Mann
👩	Frau	erwachsen,Frau,Gesicht
🧓	ältere Person	alt,älter,erwachsen,Großeltern,Mensch,Person,weise
🙋	Person mit erhobenem Arm	aufzeigen,drankommen,drannehmen,Frage,Geste,Hand,heben,hier,ich,Person,sich melden,wissen
🤦	sich an den Kopf fassende Person	fassen,frustriert,genervt,Gesicht,Kopf,oh nein,OMG,Person,unfassbar,unglaublich,verzweifelt
🤷	schulterzuckende Person	egal,gleichgültig,keine Ahnung,Person,Schultern zucken,schulterzuckend,weiß nicht,Zweifel
💁	Infoschalter-Mitarbeiter(in)	abgekippt,beleidigen,Gerüchte,Geste,Hand,Klatsch,klatschen,Person,Sarkasmus,sarkastisch,Tratsch,tratschen
🙇	sich verbeugende Person	Bedauern,bitten,Demut,Entschuldigung,Geste,Kniefall,Meditation,meditieren,Person,sorry,unterwerfen,verbeugen,Verzeihung
💃	tanzende Frau	elegant,festlich,Flair,Flamenco,Frau,Salsa,Schwung,Tango,Tanz,Tanzen,Tänzerin
🕺	tanzender Mann	elegant,festlich,Flair,Flamenco,Mann,Salsa,Schwung,Tango,Tanz,Tanzen,Tänzer
👪	Familie	Familie,Junge,Kind,Mutter,Vater
🐶	Hundegesicht	Gesicht,Hund,Hundegesicht,Tier,treu,Wau,wuff
🐱	Katzengesicht	Gesicht,Katze,Katzengesicht,Miau,Miez,Miezekatze,Tier
🐭	Mäusegesicht	Gesicht,Maus,Mäusegesicht,Mausgesicht,Nagetier,Tier
🐹	Hamster	Gesicht,Hamster,Hamstergesicht,Tier
🐰	Hasengesicht	Gesicht,Hase,Hasengesicht,Kaninchen,Karnickel,Langohr,Mümmelmann,Nager,Nagetier,Tier
🦊	Fuchs	Fuchs,Fuchsgesicht,Gesicht,Tier
🐻	Bär	Bär,Bärengesicht,Gesicht,Tier
🐼	Panda	Gesicht,Panda,Pandabär,Pandagesicht,Tier
🐨	Koala	Koala,Koalabär,Koalagesicht,Tier
🐯	Tigergesicht	Gesicht,Raubkatze,Tier,Tiger,Tigergesicht
🦁	Löwe	Gesicht,Löwe,Löwengesicht,Sternzeichen,Tier,Tierkreis
🐮	Kuhgesicht	Gesicht,Kuh,Kuhgesicht,Tier
🐷	Schweinegesicht	Gesicht,Schwein,Schweinegesicht,Tier
🐽	Schweinerüssel	Nase,Schwein,Schweinerüssel,Tier
🐸	Frosch	Frosch,Froschgesicht,Gesicht,grün,quak,Tier
🐵	Affengesicht	Affe,Affengesicht,Banane,Dschungel,Gesicht,Tier,Zoo
🙈	sich die Augen zuhaltendes Affengesicht	Affe,Affengesicht,Augen,böse,Geheimnis,gemein,Geste,nein,omg,sehen,Tier,verboten,vergessen,verstecken,zuhalten
🙉	sich die Ohren zuhaltendes Affengesicht	Affe,Affengesicht,böse,Geheimnis,gemein,Geste,hören,nein,Ohren,Tier,verboten,zuhalten,zuhören
🙊	sich den Mund zuhaltendes Affengesicht	Affe,Affengesicht,böse,Geheimnis,gemein,Geste,Hand,heimlich,leise,Mund,nein,sagen,sprechen,still,Tier,ups,verboten,zuhalten
🐒	Affe	Affe,Tier
🐔	Huhn	Geflügel,Henne,Huhn,Tier,Tierkopf
🐧	Pinguin	Pinguin,Pinguinkopf,Tier,Vogel
🐦	Vogel	Papagei,Taube,Tier,Vogel,Vogelkopf
🐤	Küken	Küken,Kükenkopf,Tier
🦆	Ente	Ente,Tier,Vogel
🦅	Adler	Adler,Tier,Vogel
🦉	Eule	Eule,Raubvogel,Tier,Uhu,Vogel,weise
🦇	Fledermaus	Fledermaus,Tier,Vampir
🐺	Wolf	Gesicht,Tier,Wolf,Wolfsgesicht
🐗	Wildschwein	Eber,Schwein,Tier,Wildschwein
🐴	Pferdegesicht	Gesicht,Pferd,Pferdegesicht,Pferdekopf,Tier
🦄	Einhorn	Einhorn,Einhorngesicht,Gesicht
🐝	Biene	Biene,Honig,Honigbiene,Hummel,Insekt,Maja,Natur,Summ,Tier
🐛	Raupe	gefräßig,Insekt,Raupe,Tier
🦋	Schmetterling	Insekt,Schmetterling,schön
🐌	Schnecke	langsam,Schnecke,Tier
🐞	Marienkäfer	Glückskäfer,Insekt,Käfer,krabbel,Marienkäfer,Punkte,Tier
🐜	Ameise	Ameise,Insekt,Tier
🕷	Spinne	Insekt,Spinne,Tier
🦂	Skorpion	Horoskop,Skorpion,Sternzeichen,Tierkreis
🐢	Schildkröte	Schildkröte,Tier
🐍	Schlange	Schlange,Schlangenträger,Sternzeichen,Tier,Tierkreis
🦎	Eidechse	Eidechse,Reptil
🐙	Oktopus	Krake,Meer,Oktopus,Tier,Tintenfisch
🦑	Tintenfisch	Kalmar,Tier,Tintenfisch
🦐	Garnele	Garnele,Gourmet,Krustentier,Meeresfrucht,Shrimp
🦀	Krebs	Krabbe,Krebs,Meer,Sternzeichen,Strand,Tierkreis
🐡	Kugelfisch	Fisch,Kugelfisch,kugelrund,Meer,Tier
🐠	Tropenfisch	Fisch,Tier,Tropenfisch
🐟	Fisch	Aquarium,Fisch,Fische,Meehr,Sternzeichen,Tier,Tierkreis
🐬	Delfin	Delfin,Meer,Ozean,Strand,Tier
🐳	blasender Wal	blasender Wal,Blasender Wal,Meer,Ozean,Tier,Wal
🐋	Wal	Ozean,Tier,Wal
🦈	Hai	Fisch,Hai,Haifisch,Meer,Tier
🐊	Krokodil	Krokodil,Reptil,Schnappi,Tier
🐅	Tiger	Tier,Tiger
🐆	Leopard	gepunktet,Leopard,Punkte,Raubkatze,Raubtier,Tier,Zoo
🦓	Zebra	streifen,Streifen,tier,zebra,Zebra
🦍	Gorilla	Affe,Gesicht,Gorilla,Tier
🐘	Elefant	Elefant,Tier
🦏	Nashorn	Nashorn,Rhinozeros,Tier
🐪	Dromedar	Dromedar,einhöckrig,Kamel,Tier,Wüste
🐫	Kamel	Kamel,Tier,Wüste,zweihöckrig
🦒	Giraffe	flecken,Flecken,giraffe,Giraffe,tier
🐃	Wasserbüffel	Büffel,Tier,Wasser,Wasserbüffel
🐄	Kuh	Bauernhof,Kuh,muh,Tier
🐎	Pferd	Pferd,Rennen,Rennpferd,Tier
🐖	Schwein	Bauernhof,Sau,Schwein,Tier
🐏	Widder	Schaf,Sternzeichen,Tierkreis,Widder
🐑	Schaf	Bock,mäh,Schaf,Tier,Widder,Wolle
🐐	Ziege	Steinbock,Sternzeichen,Tier,Tierkreis,Ziege
🦌	Hirsch	Gesicht,Hirsch,Tier
🐕	Hund	Haustier,Hund,Tier,wau,wuff
🐩	Pudel	Hund,Pudel,Tier
🐈	Katze	Haustier,Katze,miau,Tier
🐓	Hahn	Hahn,Tier
🦃	Truthahn	Geflügel,Pute,Thanksgiving,Truthahn
🕊	Taube	fliegen,Friede,Frieden,Friedenstaube,Taube,Vogel
🐇	Hase	Hase,Kaninchen,Karnickel,Mümmelmann,Nagetier,Tier
🐁	Maus	Maus,Nage,Tier
🐀	Ratte	Nagetier,Ratte,Tier
🐿	Streifenhörnchen	Streifenhörnchen,Tier
🌵	Kaktus	Dürre,Kaktus,Natur,Pflanze,Trockenzeit,Wüste
🎄	Weihnachtsbaum	Baum,Tanne,Weihnachten,Weihnachtsbaum
🌲	Nadelbaum	Baum,Nadelbaum,Pflanze,Tannenbaum
🌳	Laubbaum	Baum,Blätter,grün,Laub,Laubbaum,Pflanze,Wald
🌴	Palme	Baum,Kokusnuss,Oase,Palme,Pflanze,Strand,Tropen
🌱	Spross	junge Pflanze,Spross
🌿	Kräuter	Blätter,Kräuter,Pflanze
☘️	Kleeblatt	grün,Kleeblatt,Pflanze
🍀	Glücksklee	Blatt,Glück,Glücksklee,Klee,Kleeblatt,Pflanze,Silverster,vier,vierblättrig,Vierblättriges Kleeblatt
🍁	Ahornblatt	Ahorn,Ahornblatt,Blatt,Herbst,Laub,Pflanze
🍂	Laub	Blatt,Blätter,Fallendes Laub,Herbst,Laub,Pflanze
🍃	Blätter im Wind	Blatt,Blätter,Blätter im Wind,Laub,Pflanze,Wind
🌺	Hibiskus	Blume,Blüte,Hibiskus,Pflanze,Rosa
🌸	Kirschblüte	Blume,Blüte,Kirschblüte,Kirsche,Pflanze
🌼	gelbe Blüte	Blume,Blüte,gelbe Blüte,Gelbe Blüte,Pflanze
🌻	Sonnenblume	Blume,Blüte,Pflanze,Sonne,Sonnenblume
🌞	Sonne mit Gesicht	Gesicht,Sonne,Sonne mit Gesicht,Sonnengesicht,Sonnenschein
🌝	Vollmond mit Gesicht	Gesicht,Vollmond,Vollmond mit Gesicht
🌛	Mondsichel mit Gesicht links	Gesicht,Mond,Mondsichel,Mondsichel mit Gesicht links,Weltall
⭐	weißer mittelgroßer Stern	astronomie,gelber Stern,Himmel,Stern,weißer mittelgroßer Stern
🌟	funkelnder Stern	funkeln,funkelnder Stern,Funkelnder Stern,glitzern,Stern
✨	funkelnde Sterne	*,funkel,funkeln,funkelnde Sterne,Funkelnde Sterne,Sterne
⚡	Hochspannung	Blitz,Elektrizität,Gefahr,Gewitter,Hochspannung,Hochspannungszeichen,Strom
🔥	Feuer	brennen,Feuer,Flamme,heiß
🌈	Regenbogen	Regenbogen,Wetter
☁️	Wolke	Wetter,Wolke,wolkig
❄️	Schneeflocke	Flocke,kalt,Schnee,Schneeflocke,schneien,Wetter,Winter
💧	Tropfen	Schweiß,Träne,Tropfen,Wasser,Wassertropfen
🌊	Welle	Meer,Welle
🍏	grüner Apfel	Apfel,Frucht,gesund,grün,grüner Apfel,Obst
🍎	roter Apfel	Apfel,Frucht,Obst,rot,roter Apfel
🍐	Birne	Birne,Frucht,Obst
🍊	Mandarine	Apfelsine,Frucht,Mandarine,Obst,Orange,Vitamin
🍋	Zitrone	Frucht,Obst,sauer,Zitrone,Zitrusfrucht
🍌	Banane	Banane,Frucht,Obst,Schale
🍉	Wassermelone	Frucht,Melone,Obst,Wasser,Wassermelone
🍇	Trauben	Frucht,Obst,Traube,Trauben,Wein
🍓	Erdbeere	Beere,Erdbeere,Essen,Frucht,Obst
🍈	Honigmelone	cantaloupe,Frucht,Honigmelone,Melone,Obst
🍒	Kirschen	Frucht,Kirsche,Kirschen,Obst
🍑	Pfirsich	Frucht,Obst,Pfirsich
🍍	Ananas	Ananas,Frucht,Obst
🥥	Kokosnuss	Colada,Essen,Frucht,Kokosnuss,Palme,Piña
🥝	Kiwi	Frucht,Kiwi,Obst
🍅	Tomate	Essen,Gemüse,Obst,Tomate
🥑	Avocado	Avocado,Essen,Frucht
🍆	Aubergine	Aubergine,Gemüse
🥔	Kartoffel	Essen,Gemüse,Kartoffel
🥕	Karotte	Gemüse,Karotte,Möhre,Mohrrübe
🌽	Maiskolben	Gemüse,Mais,Maiskolben
🌶	Peperoni	Chili,Paprika,Peperoni,Pfeffer,Pflanze,scharf
🥒	Gurke	Essen,Gemüse,Gurke,Scheiben
🥦	Brokkoli	Broccoli,Brokkoli,essen,Gemüse,Gemüsekohl,Kohl
🍄	Fliegenpilz	Fliegenpilz,giftig,Pilz
🥜	Erdnuss	Erdnuss,Essen
🌰	Kastanie	Kastanie,Marone
🍞	Brot	Brot,Brotlaib,Essen,Kohlenhydrate,Laib Brot,Toast,Weißbrot,Weizen
🥐	Croissant	Corissant,Croissant,französisch,Frühstück,Frühstückshörnchen
🥖	Baguette	Baguette,Brot,französisch,Frühstück
🥨	Brezel	brezel,Brezel,brezen,brezn,essen,gedreht,oktoberfest
🧀	Käsestück	Käse,Käsestück
🥚	Ei	Ei,Frühstück,Frühstücksei
🍳	Spiegelei in Bratpfanne	braten,Bratpfanne,Kochen,Pfanne,Spiegelei,Spiegelei in Bratpfanne
🥞	Pfannkuchen	Crepe,Eierpfannkuchen,Essen,Pfannkuchen
🥓	Bacon	Bacon,Essen,Frühstücksspeck,Speck,Speckstreifen
🥩	Fleischstück	essen,Fleisch,Fleischstück,Kotelett,Lammkotelett,rot,Schnitzel,Schweinekotelett,Steak
🍗	Hähnchenschenkel	Fleisch,Geflügel,Hähnchenschenkel,Hühnerbein,Restaurant
🍖	Fleischhachse	Fleisch,Fleischhachse,Knochen,Restaurant
🌭	Hotdog	Essen,Frankfurter,Hot Dog,Hotdog,Wurst,Würstchen
🍔	Hamburger	Burger,Fast Food,Hamburger,Restaurant
🍟	Pommes frites	Fritten,Pommes,Pommes frites,Pommes Frites
🍕	Pizza	Pizza,Pizzastück,Pizzeria
🥪	Sandwich	brot,Brot,essen,sandwich,Sandwich
🌮	Taco	Essen,mexikanisch,Taco
🌯	Burrito	Burrito,essen,mexikanisch
🥗	Salat	Blattgemüse,Essen,gesund,grün,Salat
🥘	Pfannengericht	Essen,Paella,Pfannengericht,Reispfanne
🍝	Spaghetti	Essse,Nudeln mit Tomatensoße,Pasta,Restaurant,Spaghetti
🍜	Schüssel und Essstäbchen	chinesisches Essen,dampfend,Eiernudeln,Nudeln,Schüssel,Schüssel und Essstäbchen,Stäbchen,Suppe
🍲	Topf mit Essen	Eintopf,Gericht,Schüssel,Suppe,Topf mit Essen
🍛	Reis mit Curry	Curry,Reis,Reis mit Curry
🍣	Sushi	japanisches Gericht,Restaurant,Sushi
🍱	Bento-Box	Bento,Bento-Box,Japanisches essen,Sushi
🥟	Teigtasche	chinesische Teigtasche,dumpling,empanada,Empanada,essen,Gyōza,Jiaozi,kloß,Pierogi,potsticker,Teigtasche
🍤	frittierte Garnele	frittierte Garnele,Frittierte Garnele,Garnele,Restaurant,tempura
🍙	Reisbällchen	Essen,japanisch,Reis,Reisbällchen
🍚	Reis in Schüssel	Essen,Reis,Reis in Schüssel
🍘	Reiscracker	Cracker,Reiscracker
🍥	Fischfrikadelle	Fisch,Fischfrikadelle,Restaurant,Spirale
🍡	Dango	Dango,japanisches Gericht,Mochi-Kugeln auf einem Spieß,Restaurant
🍦	Softeis	Eis,Softeis
🍰	Torte	Kuchen,Kuchenstück,Stück Torte,Torte,Tortenstück
🎂	Geburtstagskuchen	Essen,feier,Feier,Geburtstag,Geburtstagskuchen,Geburtstagstorte,happy birthday,kerzen,Kuchen,Lebensmittel,Torte
🍮	Pudding	Dessert,Flan,Nachspeise,Nachtisch,Pudding,Schokolade,Soße
🍭	Lutscher	Lolli,Lutscher,Süßigkeit
🍬	Bonbon	Bonbon,süß,Süßigkeit
🍫	Schokoladentafel	Essen,Schokolade,Schokoladentafel,Süßigkeit
🍿	Popcorn	Kino,Popcorn,Snack
🍩	Donut	Donut,Doughnut,Essen,Kuchen,süß
🍪	Keks	Cookie,Keks,Plätchen
☕	Heißgetränk	Cafe,dampfend,Getränk,heiß,Heißgetränk,Kaffee,Tasse,Tee,trinken
🍵	Teetasse ohne Henkel	Getränk,grüner Tee,Oolong,Schale,Tee,Teetasse,Teetasse ohne Henkel
🥤	Becher mit Strohhalm	becher,Becher mit Strohhalm,brause,erfrischung,Saft,Selters,soda,strohhalm,trinken,trinkhalm,wasser
🍶	Sake-Flasche mit Tasse	Flasche,Getränk,Sake,Sake-Flasche mit Tasse,Sake-Flasche und -tasse,Tasse,trinken
🍺	Bierkrug	Bar,Bier,Bierkrug,Krug,Oktoberfest,prost,Weizenbier
🍻	Bierkrüge	anstoßen,Bier,Bierkrüge,Oktoberfest,prosit,prost,Weizen
🥂	Sektgläser	anstoßen,Feier,feiern,Getränk,Gläser,prost,Sekt,Sektgläser
🍷	Weinglas	Alkohol,Bar,Glas,Wein,Weinglas
🥃	Trinkglas	Bar,Schnaps,Trinkglas,Whiskey
🍸	Cocktailglas	Bar,Cocktail,Cocktailglas,Drink,martini
🍹	Cocktail	Bar,Cocktail,exotisches Getränk
🍾	Flasche mit knallendem Korken	Champagner,Flasche,Flasche mit knallendem Korken,Getränk,knallen,Korken,Sekt,trinken
🥄	Löffel	Besteck,Löffel
🍴	Messer und Gabel	Abendessen,Besteck,Essen,Frühstück,Gabel,Gabel und Messer,Geschirr,Hunger,lecker,Messer,Messer und Gabel,Mittagessen,Restaurant
🍽	Teller mit Messer und Gabel	Gabel,Geschirr,kochen,Messer,Teller,Teller mit Messer und Gabel
🥢	Essstäbchen	chinesisches essen,essen,Essstäbchen,Hashi,japanisches essen,stäbchen,Stäbchen
⚽	Fußball	Ball,Bundesliga,Fußball,Messi
🏀	Basketball	Ball,Basketball,Korb,Sport
🏈	Football	American Football,Amerika,Ball,Football,Sport,Super Bowl
⚾	Baseball	Ball,Baseball
🎾	Tennisball	Ball,Sport,Tennis,Tennisball
🏐	Volleyball	Ball,Sport,Volleyball
🏉	Rugbyball	Ball,Rugby,Rugbyball,Sport
🎱	Billardkugel	8-Ball,Billard,Billardkugel,Kugel,schwarz,Spiel
🏓	Tischtennis	Ball,Ping Pong,Schläger,Spiel,Sport,Tischtennis
🏸	Badminton	Badminton,Federball,Schläger
🥅	Tor	Fußball,Netz,Sport,Tor
🏒	Eishockey	Eishockey,Eishockey-Schläger und Puck,Hockey,Puck,Schläger
🏑	Feldhockey	Feldhockey,Hockey,Schläger
🏏	Kricket	Ball,Cricket,Kricket,Schläger
⛳	Golffahne	Golffahne,Golfplatz
🏹	Pfeil und Bogen	Bogen,Pfeil,Pfeil und Bogen
🎣	Angel mit Fisch	Angel mit Fisch,Angeln,Entspannung
🥊	Boxhandschuh	Boxen,Boxhandschuh,Handschuh,Sport
🥋	Kampfsportanzug	Judo,Kampfkunst,Kampfsport,Kampfsportanzug,Karate,Taekwondo
⛸	Schlittschuh	Eislauf,Schlittschuh
🎿	Ski	Ski,Ski und Stöcke
⛷	Skifahrer(in)	Schnee,Ski,Skifahrer,Skifahrer(in),Skifahrerin,Sport
🏂	Snowboarder(in)	Snowboard,Snowboarden,Snowboarder,Snowboarder(in),Snowboarderin,Sport
🏋️	Gewichtheber(in)	Gewicht,Gewichtheber,Gewichtheber(in),Gewichtheberin,Hantel,Muskeln,Person,schwer,Sport,stark,Training
🤼	Ringer(in)	Catchen,Catcher,Person,ringen,Ringer,Ringer(in),Ringkampf,Sport,Sportler,Wrestler,Wrestling
🤸	Rad schlagende Person	Akrobatik,Bodenturnen,Gymnastik,Person,Rad,Rad schlagen,Rad schlagende Person,Radschlag,Sport,Turner,Turnerin
⛹️	Person mit Ball	Ball,Basketball,Basketballer,Basketballspieler,Basketballspielerin,Dribbeln,Person,Person mit Ball,Sport,Sportler,Sportlerin
🤺	Fechter(in)	fechten,Fechter,Fechter(in),Schwert,Sport
🤾	Handballspieler(in)	Handball,Handballer,Handballerin,Handballspieler,Handballspieler(in),Handballspielerin,Person,schleudern,Sport,Sportler,werfen
🏌️	Golfer(in)	Abschlagplatz,Golf,Golfer,Golfer(in),Golferin,Golfspieler,Golfspielerin,Person,Sport,Sportler,Sportlerin
🏇	Pferderennen	Jockey auf Pferd,Pferderennen,schnell,Sport,um die Wette,wetten
🧘	Person im Lotossitz	burmesischer Sitz,Frau,Lotussitz,Meditation,Person,Person im Lotossitz,Person in Lotussitz,Schneidersitz,Yoga,Zen
🏄	Surfer(in)	Person,Sport,Surfboard,Surfbrett,Surfen,Surfer,Surfer(in),Surferin,Wassersport,Wellenreiten,Wellenreiter,Wellenreiterin
🏊	Schwimmer(in)	Kraulen,Person,Pool,Schwimmbecken,Schwimmen,Schwimmer,Schwimmer(in),Schwimmerin,Sport,Triathlon,Wasser
🤽	Wasserballspieler(in)	Person,Schwimmsport,Sport,Sportler,Sportlerin,Wasser,Wasserball,Wasserballspieler,Wasserballspieler(in),Wasserballspielerin,Wassersport
🚣	Person im Ruderboot	Angeln,Boot,Kanu,Paddel,Person,Person im Ruderboot,Ruderboot,Rudern,Sport
🧗	Bergsteiger(in)	Bergsteiger,Bergsteiger(in),Fels,Kletterer,klettern,Person,Sport
🚴	Radfahrer(in)	Fahrrad,Person,Rad,radeln,Radfahren,Radfahrer,Radfahrer(in),Radfahrerin,Sport,Tour de France
🚵	Mountainbiker(in)	Fahrrad,Mountainbiker,Mountainbiker(in),Mountainbikerin,Mountainbiking,Person,Rad,Radfahren,Radfahrer,Radfahrerin,Sport,Tour de France
🎪	Zirkuszelt	Unterhaltung,Zelt,Zirkus,Zirkuszelt
🎭	Masken	Kunst,Masken,Theater,Unterhaltung
🎨	Mischpalette	Farben,Kunst,Künstler,Mischpalette,Palette
🎬	Filmklappe	Film,Filmklappe,Klappe,Unterhaltung
🎤	Mikrofon	Karaoke,Mikrofon,Singen,Unterhaltung
🎧	Kopfhörer	Kopfhörer,Musik,Unterhaltung
🎼	Notenschlüssel	Musik,Noten,Notenschlüssel,Partitur,Violinschlüssel
🎹	Klaviatur	Instrument,Klaviatur,Klavier,Musik,Musikinstrument,Piano,Tastatur,Tasten
🥁	Trommel	Drumsticks,Instrument,Musik,Schlägel,Sticks,Trommel,Trommelstöcke
🎷	Saxofon	Instrument,Musik,Musikinstrument,Saxofon
🎺	Trompete	Instrument,Musik,Musikinstrument,Trompete
🎸	Gitarre	Gitarre,Instrument,Musik,Musikinstrument
🎻	Geige	Geige,Instrument,Musik,Musikinstrument,Violine
🎲	Spielwürfel	Casino,Spiel,Spielwürfel,Unterhaltung,Würfel,würfeln,Zufall
🎯	Darts	Dart,Darts,Pfeil,Spiel,Volltreffer,Zielscheibe
🎳	Bowling	Bowling,Bowlingkugel,Kugel,Spiel
🎮	Gamepad	Gamepad,Gaming,Unterhaltung,Videospiel
🎰	Spielautomat	Glücksspiel,Spiel,Spielautomat
🧩	Puzzleteil	Bestandteile,Hinweise,Hobby,passen,puzzeln,Puzzle,Puzzlestück,Puzzleteil,Puzzleteile,Spiel,Teile,zusammenpassen,zusammensetzen
🏆	Pokal	Bundesliga,Champion,gewinnen,Pokal,Preis,Sieger,Sport,Trophäe
🥇	Goldmedaille	Erster,Gewinn,Goldmedaille,Medaille 1. Platz
🥈	Silbermedaille	Medaille 2. Platz,Silbermedaille,Zweiter
🥉	Bronzemedaille	Bronzemedaille,Dritter,Medaille 3. Platz
🏅	Sportmedaille	Gewinn,Goldmedaille,Medaille,Sportmedaille
🎖	Militärorden	Militärorden,Orden
🎗	Gedenkschleife	Gedenkschleife,Schleife
🎫	Ticket	Konzert,Ticket,Unterhaltung
🎟	Eintrittskarten	Billet,Eintrittskarte,Eintrittskarten,Ticket
🚗	Auto	Auto,fahren,Fahrzeug,rot,Verkehr
🚕	Taxi	Auto,Fahrzeug,Taxi
🚙	Wohnmobil	Auto,blau,fahren,verreisen,Wohnmobil
🚌	Bus	Bus,Fahrzeug,Schulbus
🚎	Oberleitungsbus	Oberleitungsbus,Straßenbahn,Trolleybus
🏎	Rennauto	Autorennen,Rennauto
🚓	Polizeiwagen	Polizei,Polizeiwagen,Streifenwagen
🚑	Krankenwagen	Ambulanz,Krankenwagen,Notfall
🚒	Feuerwehrauto	Brand,Feuerwehrauto,Löschfahrzeug
🚐	Kleinbus	Bus,Fahrzeug,Kleinbus
🚚	Lieferwagen	Lastwagen,Lieferwagen,LKW
🚛	Sattelzug	Lastwagen,LKW,Sattelzug,umziehen,ziehen um
🚜	Traktor	Bauernhof,Landwirtschaft,Traktor,Trecker
🛴	Tretroller	Roller,Tretroller
🚲	Fahrrad	BMX,Fahrrad,Rad,Radeln,Radler,Spinning
🛵	Motorroller	Motoroller,Motorroller,Roller,Vespa
🏍	Motorrad	Moped,Motorrad,Motorrennen
🚨	Polizeilicht	Polizei,Polizeilicht,Sirene
🚔	Polizeiwagen von vorne	Polizei,Polizeiwagen von vorne,Streifenwagen,Vorderansicht Polizeiwagen
🚍	Bus von vorne	Bus,Bus von vorne,Verkehrsmittel,Vorderansicht Bus
🚘	Auto von vorne	Auto,Auto von vorne,Automobil,Fahrzeug,rot,Vorderansicht Auto
🚖	Taxi von vorne	Auto,fahren,gelb,Taxi,Taxi von vorne,Vorderansicht Taxi
🚡	Bergseilbahn	Bergseilbahn,Gondel,Seilbahn
🚠	Bergschwebebahn	Bergschwebebahn,Schwebebahn
🚟	Schwebebahn	Hängebahn,Schwebebahn
🚃	Eisenbahnwagen	Eisenbahnwagen,Fahrzeug,Straßenbahn,Straßenbahnwagen,Tram,Wagen,Waggon,Wagon,Zug
🚋	Straßenbahnwagen	Straßenbahn,Straßenbahnwagen,Tram,Tramwagen,Transport,Verkehrsmittel,Waggon
🚞	Bergbahn	Bahn,Bergbahn,Bimmelbahn,Zug
🚝	Einschienenbahn	Bahn,Einschienenbahn,Magnetschwebebahn,Monorail
🚄	Hochgeschwindigkeitszug mit spitzer Nase	Hochgeschwindigkeitszug mit spitzer Nase,ICE,Shinkansen,TGV,Zug
🚅	Hochgeschwindigkeitszug	Bahn,Hochgeschwindigkeitszug,Japan,Shinkansen,Zug
🚈	S-Bahn	Bahn,ICE,Monorail,S-Bahn,Zug
🚂	Dampflokomotive	Bahn,Dampf,Dampflok,Dampflokomotive,Fahrzeug,Lokomotive,Schiene,Zug
🚆	Zug	Bahn,Eisenbahn,ICE,Zug
🚇	U-Bahn	Metro,U-Bahn
🚊	Straßenbahn	Straßenbahn,Tram,Verkehrsmittel
🚉	Bahnhof	Bahn,Bahnhof,Zug
✈️	Flugzeug	Flieger,Flugzeug
🛫	Abflug	Abflug,fliegen,Flughafen,Flugzeug,Start,Start eines Flugzeugs
🛬	Landung eines Flugzeugs	Ankunft,Flieger,Flughafen,Flugzeug,landen,Landung,Landung eines Flugzeugs
🚀	Rakete	All,Rakete,Weltraum
🛸	fliegende Untertasse	Alien,Außerirdisch,fliegende Untertasse,UFO
🚁	Hubschrauber	fliegen,Helikopter,Hubschrauber,reisen
🛶	Kanu	Boot,Kanu,Wassersport
⛵	Segelboot	Boot,Segelboot
🚤	Schnellboot	Boot,Luxus,Schnellboot,See,Sommer,Wasser,Yacht
🛳	Passagierschiff	Aida,Passagierschiff,Rundreise,Schiff,Seereise,Traumschiff
⛴	Fähre	Fähre,Schiff
🚢	Schiff	Dampfer,Kreuzfahrtschiff,Schiff,Traumschiff
⚓	Anker	Anker,Hafen,Meer
🚧	Baustellenabsperrung	Baustelle,Baustellenabsperrung,Baustellenschild,Schild
⛽	Tanksäule	Benzin,Tanke,tanken,Tanksäule,Tankstelle
🗺	Weltkarte	Karte,Landkarte,reisen,Welt,Weltkarte
🗿	Statue	Gesicht,Maske,Osterinsel,Statue
🗽	Freiheitsstatue	Amerika,Freiheit,Freiheitsstatue
🗼	Tokyo Tower	Fernsehturm,Tokio,Tokyo Tower
🏰	Schloss	Bauwerk,Burg,Europa,europäisch,Gebäude,Märchen,Märchenschloss,Schloss
🏯	japanisches Schloss	Bauwerk,Gebäude,Japan,japanisch,japanisches Schloss,Japanisches Schloss,Schloss
🏟	Stadion	Arena,Stadion
🎡	Riesenrad	Freizeitpark,Rad,Riesenrad,Volksfest
🎢	Achterbahn	Achterbahn,Freizeitpark,Volksfest
🎠	Karussellpferd	Karussell,Karussellpferd,Pferd,reiten
⛲	Springbrunnen	Brunnen,Garten,Park,Springbrunnen
⛱	aufgestellter Sonnenschirm	aufgestellt,aufgestellter Sonnenschirm,Aufgestellter Sonnenschirm,Sonnenschirm,Strand
🏖	Strand mit Sonnenschirm	Meer,Sonnenschirm,Strand,Strand mit Sonnenschirm
🏝	einsame Insel	einsam,einsame Insel,Einsame Insel,Insel,Meer,Palme,Strand,verlassen
🏜	Wüste	heiß,Wüste
🌋	Vulkan	Ausbruch,Berg,Lava,Vulkan,Vulkanausbruch,Wetter
⛰	Berg	Berg,Gebirge
🏔	schneebedeckter Berg	Berg,Gebirge,kalt,Schnee,schneebedeckter Berg,Schneebedeckter Berg
🗻	Fuji	Berg,Fuji,Vulkan
🏕	Camping	campen,Camping,Zelt,zelten
⛺	Zelt	Camping,Campingurlaub,Zelt,Zeltplatz
🏠	Haus	Gebäude,Haus,Zuhause
🏡	Haus mit Garten	Baum,Haus,Haus mit Baum,Haus mit Garten
🏘	Wohnhäuser	Dorf,Gebäude,Haus,Häuser,Wohnhaus,Wohnhäuser,Wohnsiedlung
🏢	Bürogebäude	Bürogebäude,Hochhaus
🏣	japanisches Postgebäude	Japan,japanisches Postgebäude,Japanisches Postgebäude,Post
🏥	Krankenhaus	Ambulanz,Arzt,Gebäude,krank,Krankenhaus,Medizin,Notaufnahme
🏦	Bank	Bank,Gebäude,Geld
🏨	Hotel	Gebäude,Hotel,übernachten,Unterkunft
🏪	Minimarkt	einkaufen,Gebäude,Geschäft,Lebensmittel,Minimarkt
🏫	Schule	Gebäude,Schule,Schulgebäude
🏬	Kaufhaus	einkaufen,Gebäude,Geschäft,Kaufhaus,shoppen
🏭	Fabrik	Fabrik,Fabrikgebäude,Gebäude
⛪	Kirche	Christ,Christentum,christlich,Gebäude,Kirche,Kreuz,Religion
🕌	Moschee	Islam,Moschee,Moslem,Muslim,Religion
🕍	Synagoge	Jude,jüdisch,Religion,Synagoge,Tempel
🌃	Sternenhimmel	City,Hochhäuser,Nacht,Skyline,Stadt,Sterne,Sternenhimmel
🌆	Abendstimmung in der Stadt	Abendstimmung in der Stadt,Hochhäuser,New York,Skyline,Sonnenaufgang,Sonnenuntergang,Wolkenkratzer
🌇	Sonnenuntergang in der Stadt	Großstadt,Hochhäuser,Morgenrot,Sonnenaufgang,Sonnenuntergang,Sonnenuntergang in der Stadt,Wolkenkratzer
🌉	Brücke vor Nachthimmel	Brücke,Brücke vor Nachthimmel,Golden Gate,Nacht,nachts
🌌	Milchstraße	Galaxie,Milchstraße,Universum
🌁	neblig	Nebel,neblig,Wetter
⌚	Armbanduhr	Armbanduhr,Uhr,Zeit
📱	Mobiltelefon	Handy,iPhone,Mobiltelefon,Smartphone,telefonieren
💻	Laptop	Bildschirm,Computer,Computermonitor,Laptop,Monitor,Notebook,PC
⌨️	Tastatur	Computer,Keyboard,Tastatur
🖥	Desktopcomputer	Bildschirm,Computer,Desktop,Desktopcomputer,iMac,Monitor
🖨	Drucker	Computer,Drucker
🖱	Computermaus	Computer,Computermaus,Maus
💽	Minidisc	MD,Minidisc,Minidisk
💾	Diskette	Datenträger,Diskette
💿	CD	Blu-Ray,CD,DVD
📷	Fotoapparat	Fotoapparat,Fotos,Kamera
📸	Fotoapparat mit Blitz	Blitz,Fotoapparat,Fotoapparat mit Blitz
📹	Videokamera	filmen,Videokamera,Videos
🎥	Filmkamera	Film,Filmkamera,Kino,Unterhaltung
📞	Telefonhörer	anrufen,Hörer,Kommunikation,Telefon,Telefonhörer
☎️	Telefon	Anruf,anrufen,Festnetz,Telefon
📟	Pager	Kommunikation,Pager,Piepser
📠	Faxgerät	Fax,Faxgerät,Kommunikation
📺	Fernseher	Fernsehen,Fernseher,Film,TV
📻	Radio	Musik,Radio
🎙	Studiomikrofon	Mikrofon,Studiomikrofon
⏱	Stoppuhr	Stoppuhr,Uhr,Zeit
⏲	Zeitschaltuhr	Timer,Uhr,Zeitschaltuhr
⏰	Wecker	Uhr,Uhrzeit,Wecker,Zeit
🕰	Kaminuhr	Kaminuhr,tick tack,Uhr
⌛	Sanduhr	Prozess,Sanduhr,Vorgang läuft,Zeit
⏳	laufende Sanduhr	laufende Sanduhr,Laufende Sanduhr,Prozess,Sanduhr,Vorgang läuft
📡	Satellitenschüssel	Antenne,Sat-Schüssel,Satellitenschüssel,Satschüssel,Schüssel
🔋	Batterie	Akku,Batterie
🔌	Netzstecker	Netzstecker,Stecker,Stromstecker
💡	Glühbirne	Glühbirne,hell,Idee,Lampe,Licht
🔦	Taschenlampe	Lampe,Licht,Taschenlampe
🕯	Kerze	Kerze,Licht
🗑	Papierkorb	Abfalleimer,Papierkorb
🛢	Ölfass	Fass,Öl,Ölfass
💸	Geldschein mit Flügeln	Bank,Euro,Geld,Geldschein mit Flügeln,Knete,Moneten
💵	Dollar-Banknote	Dollar,Dollar-Banknote,Geld,Geldschein,Währung
💴	Yen-Banknote	Geld,Geldschein,Yen,Yen-Banknote
💶	Euro-Banknote	Euro,Euro-Banknote,Euroschein,Geld,Geldschein
💷	Pfund-Banknote	Geld,Geldschein,Pfund,Pfund-Banknote
💰	Geldsack	Geld,Geldsack,Moneten,reich,Sack
💳	Kreditkarte	Bankkarte,EC-Karte,Geldkarte,Guthaben,Karte,Kreditkarte
💎	Edelstein	Diamant,Edelstein
⚖️	Waage	Gerechtigkeit,Gewicht,Waage,Werkzeug,wiegen
🔧	Schraubenschlüssel	Schraubenschlüssel,Werkzeug
🔨	Hammer	Hammer,Werkzeug
⚒	Hammer und Pickel	Arbeiter,Hammer,Hammer und Pickel,Pickel,Werkzeug
🛠	Hammer und Schraubenschlüssel	Hammer,Hammer und Schraubenschlüssel,Schraubenschlüssel,Werkzeug
⛏	Pickel	Pickel,Werkzeug
🔩	Mutter und Schraube	Mutter und Schraube,Schraube
⚙️	Zahnrad	Werkzeug,Zahnrad
⛓	Ketten	Eisen,Kette,Ketten
🔫	Wasserpistole	Pistole,Revolver,Waffe,Wasserpistole
💣	Bombe	Bombe,Comic,Dynamit,Explodieren
🔪	Küchenmesser	Küchenmesser,Messer,schneiden
🗡	Dolch	Dolch,Schwert,Waffe
⚔️	gekreuzte Schwerter	gekreuzt,gekreuzte Schwerter,Gekreuzte Schwerter,Schwerter,Waffe
🛡	Schutzschild	Schild,Schutzschild
🚬	Zigarette	Kippe,Rauchen,Rauchersymbol,Zigarette
⚰️	Sarg	Beerdigung,Sarg,Tod,tot,Vampir
🔮	Kristallkugel	Kristallkugel,Wahrsager,Zukunft
📿	Gebetskette	beten,Gebet,Gebetskette,Kette,Religion,Rosenkranz
💈	Barbershop-Säule	Barbershop-Säule,Friseur,Herrenfriseur,Säule
⚗️	Destillierapparat	Destillierapparat,Werkzeug
🔭	Teleskop	Himmel,Teleskop
🔬	Mikroskop	Labor,Mikroskop,untersuchen,Wissenschaft
🕳	Loch	Loch,schwarz
💊	Kapsel	Arznei,Arzt,Kapsel,Medizin,Pille,Tabletten
💉	Spritze	Arzt,impfen,Impfung,Injektion,Kanüle,Nadel,Spritze
🌡	Thermometer	Temperatur,Thermometer,Wetter
🚽	Toilette	Klo,Toilette,WC
🚿	Dusche	Dusche,Duschkopf
🛁	Badewanne	Bad,Badewanne,Badezimmer,Dusche
🔑	Schlüssel	Passwort,schließen,Schlüssel
🗝	alter Schlüssel	alt,alter Schlüssel,Alter Schlüssel,Schloss,Schlüssel
🚪	Tür	Eingang,geschlossen,Tür
🛋	Sofa und Lampe	Couch,Lampe,Sofa,Sofa und Lampe
🛏	Bett	Bett,Hotel,schlafen,Übernachtung
🖼	gerahmtes Bild	Bild,Gemälde,gerahmtes Bild,Kunst,malen,Rahmen,zeichnen,Zeichnung
🛍	Einkaufstüten	einkaufen,Einkaufen,Einkaufstüten,shoppen,Shopping,Tasche,Tüte
🎁	Geschenk	Feier,Geburtstag,Geschenk,Schachtel,Schleife,Überraschung,verpackt,Weihnachten
🎈	Luftballon	Ballon,Feier,Geburtstag,Luftballon
🎏	traditionelle japanische Windsäcke	Feier,Karpfen,traditionelle japanische Windsäcke,Traditionelle japanische Windsäcke,Windsäcke
🎀	pinke Schleife	Feier,Geschenk,pink,rosa,Schleife
🎊	Konfettiball	Feier,Konfetti,Konfettiball,Party
🎉	Konfettibombe	Böller,Feier,juhu,Knaller,Konfetti,Konfettibombe,Party,super,yay
✉️	Briefumschlag	Brief,Briefumschlag,E-Mail
📩	Umschlag mit Pfeil	E-Mail,gesendet,Umschlag mit Pfeil
📨	eingehender Briefumschlag	E-Mail,eingehender Briefumschlag,empfangen,Umschlag
📧	E-Mail	Brief,E-Mail,E-Mail-Symbol,Post
📦	Paket	Päckchen,Paket
📪	geschlossener Briefkasten ohne Post	Briefkasten,geschlossen,geschlossener Briefkasten ohne Post,Geschlossener Briefkasten ohne Post,keine E-Mail,keine Post,Post
📫	geschlossener Briefkasten mit Post	Briefkasten,E-Mail,geschlossen,geschlossener Briefkasten mit Post,Geschlossener Briefkasten mit Post,Post
📬	offener Briefkasten mit Post	Briefkasten,E-Mail,offen,offener Briefkasten mit Post,Offener Briefkasten mit Post,Post
📭	offener Briefkasten ohne Post	Briefkasten,keine E-Mail,keine Post,offen,offener Briefkasten ohne Post,Post
📮	Briefkasten	Brief,Briefkasten,Post
📝	Papier und Bleistift	Bleistift,Kurzmitteilung,Nachricht,Notiz,Papier,Papier und Bleistift,Schreibblock,schreiben
✏️	Bleistift	Bleistift,Stift
🖊	Kugelschreiber	Kugelschreiber,Stift
🖋	Füllhalter	Füller,Füllfedehalter,Füllfederhalter,Füllhalter,schreiben,Stift
📏	Lineal	Lineal
📐	dreieckiges Lineal	dreieckiges Lineal,Dreieckiges Lineal,Geodreieck,Lineal
📌	Reißzwecke	anpinnen,Reißzwecke
📎	Büroklammer	Büroklammer
🔗	Linksymbol	Kettenglieder,Linksymbol,verknüpfen,Verknüpfung,Verknüpfungssymbol,zwei Ringe
📚	Bücherstapel	Bücher,Bücherstapel,Fantasie,lesen,Roman
📖	offenes Buch	Bibliothek,blättern,Buch,geöffnet,lernen,lesen,offen,offenes Buch,Offenes Buch,Seite
📰	Zeitung	Medien,Nachrichten,Presse,Zeitung
🗞	zusammengerollte Zeitung	Zeitung,zusammengerollt,zusammengerollte Zeitung,Zusammengerollte Zeitung
🔖	Lesezeichen	Etikett,Lesen,Lesezeichen
🏷	Etikett	Etikett,Label,Marke
💼	Aktentasche	Aktentasche,Tasche
📁	Ordner	Akten,Büro,Dokument,geschlossen,Ordner
📂	geöffneter Ordner	Dokument,geöffneter Ordner,Geöffneter Ordner,offen,Ordner
🗂	Karteireiter	Akten,Büro,Büroausstattung,Büromaterial,Karteibahnen,Karteikarten,Karteireiter
📅	Kalender	Datum,Kalender,Kalenderblatt
📆	Abreißkalender	Abreißkalender,Datum,Kalender,Termin
🗓	Spiralkalender	Kalender,Spiralkalender
📇	Rotationskartei	Rotationskartei,Visitenkarten
📈	Aufwärtstrend	Aufwärtstrend,Diagramm,Kurve,steigend
📉	Abwärtstrend	Abwärtstrend,Diagramm,fallend,Kurve
📊	Balkendiagramm	Balken,Balkendiagramm,Diagramm
📋	Klemmbrett	Clipboard,Clpboard,Klemmbrett,Zwischenablage
🗒	Notizblock	Block,Notiz,Notizblock,Papier
🗃	Karteikasten	Büroausstattung,Büromaterial,Karteikasten
🗄	Aktenschrank	Ablage,Aktenschrank,Archiv,Schublade
🔍	Lupe nach links	Lupe nach links,Suche,Vergrößerungsglas
🔎	Lupe nach rechts	Lupe,Lupe nach rechts,Suche,Vergrößerungsglas
🔒	geschlossenes Schloss	Datenschutz,geschlossen,geschlossenes Schloss,Geschlossenes Schloss,Schloss,Sicherheit
🔓	offenes Schloss	nicht gesichert,offen,offenes Schloss,Offenes Schloss,Schloss
❤️	rotes Herz	Herz,rotes Herz
🧡	oranges Herz	Herz,Liebe,orange
💛	gelbes Herz	Gefühl,gelb,Herz,herzlich,Liebe
💚	grünes Herz	Gefühl,grün,Herz,Liebe,romantisch
💙	blaues Herz	blau,Gefühl,Herz,Liebe,romantisch
💜	lila Herz	beste,Gefühl,hdl,Herz,Liebe,lila,lilafarben,violett
🖤	schwarzes Herz	böse,Herz,schwarz,schwarzes Herz
💔	gebrochenes Herz	allein,gebrochen,Gefühl,Herz,Herzschmerz,Liebeskummer,Schmerz,traurig,Trennung,zerbrochen
❣️	Herz als Ausrufezeichen	Ausrufezeichen,Herz,Herz als Ausrufezeichen,Satzzeichen
💕	zwei Herzen	Date,Gefühl,Herz,Herzen,Hochzeitstag,Jahrestag,Küsschen,Küsse,Liebe,Rendezvous,xoxo,zwei
💞	kreisende Herzen	Emotion,Gefühl,Herz,Herzen,Hochzeitstag,Jahrestag,kreisen,Liebe,süß
💓	schlagendes Herz	Gefühl,Herz,Herzschlag,Liebe,Puls,pulsieren,schlagen
💗	wachsendes Herz	Aufregung,Gefühl,Herz,Herzschlag,Küsschen,Küsse,Liebe,nervös,Nervosität,Puls,wachsen,xoxo
💖	funkelndes Herz	Aufregung,funkeln,Gefühl,glitzern,Herz,Liebe,Morgen,Nacht,rosa,xoxo
💘	Herz mit Pfeil	Herz,Herz mit Pfeil,Liebe,Pfeil
💝	Herz mit Schleife	Herz,Hochzeitstag,Jahrestag,Küsschen,Küsse,Liebe,Schleife,Valentinstag,xoxo
☮️	Friedenszeichen	Friedensbewegung,Friedenssymbol,Friedenszeichen
✝️	lateinisches Kreuz	Christentum,Kreuz,lateinisch,Religion,römisch
☪️	Hilal und Stern	Hilal,Islam,Muslim,Religion,Stern
🕉	om	Hinduismus,om,Religion
☸️	Dharma-Rad	Buddhismus,Dharma,Dharma-Rad
✡️	Davidstern	Davidstern,jüdisch,Religion
🔯	Hexagramm mit Punkt	Hexagramm mit Punkt,Wahrsager
🕎	Menora	Leuchter,Menora,Religion
☯️	Yin und Yang	Daoismus,Religion,Yang,Yin,Yin und Yang
☦️	orthodoxes Kreuz	Christentum,Kreuz,orthodox,Religion
⛎	Schlangenträger	Schlagenträger,Schlangenträger,Sternbild
♈	Widder (Sternzeichen)	Sternzeichen,Widder,Widder (Sternzeichen)
♉	Stier (Sternzeichen)	Horoskop,Sternzeichen,Stier
♊	Zwillinge (Sternzeichen)	Horoskop,Sternzeichen,Zwilling,Zwillinge,Zwillinge (Sternzeichen)
♋	Krebs (Sternzeichen)	Krebs,Krebs (Sternzeichen),Sternzeichen
♌	Löwe (Sternzeichen)	Horoskop,Löwe,Löwe (Sternzeichen),Sternzeichen
♍	Jungfrau (Sternzeichen)	Horoskop,Jungfrau,Jungfrau (Sternzeichen),Sternzeichen
♎	Waage (Sternzeichen)	Horoskop,Sternzeichen,Waage,Waage (Sternzeichen)
♏	Skorpion (Sternzeichen)	Horoskop,Skorpion,Skorpion (Sternzeichen),Sternzeichen
♐	Schütze (Sternzeichen)	Schütze,Schütze (Sternzeichen),Sternzeichen
♑	Steinbock (Sternzeichen)	Steinbock,Steinbock (Sternzeichen),Sternzeichen
♒	Wassermann (Sternzeichen)	Sternzeichen,Wassermann,Wassermann (Sternzeichen)
♓	Fische (Sternzeichen)	Fische,Fische (Sternzeichen),Horoskop,Sternzeichen
🆔	Großbuchstaben ID in lila Quadrat	Großbuchstaben ID in lila Quadrat,ID
⚛️	Atomzeichen	Atheist,Atom,Atomzeichen
🉑	Schriftzeichen für „akzeptieren“	akzeptieren,japanisch,Schriftzeichen
☢️	Radioaktiv	radioaktiv,Radioaktiv
☣️	Biogefährdung	Biogefährdung,Zeichen
📴	Mobiltelefon aus	ausschalten,Handy aus,Mobiltelefon,Mobiltelefon aus
📳	Vibrationsmodus	Handy,Kommunikation,Mobiltelefon,Symbol für Vibrationsalarm,Vibration,Vibrationsmodus,vibrieren
🈶	Schriftzeichen für „nicht gratis“	berechnen,existieren,japanisch,nicht gratis,Schriftzeichen,Taste
🈚	Schriftzeichen für „gratis“	gratis,japanisches Schriftzeichen,Schriftzeichen für „gratis“,Schriftzeichen für „Verhandlung“,Verhandlung
🈸	Schriftzeichen für „anwenden“	anwenden,chinesisches Schriftzeichen,japanisches Schriftzeichen,Schriftzeichen für „anwenden“
🈺	Schriftzeichen für „Geöffnet“	Betrieb,chinesisches Schriftzeichen,geöffnet,japanisches Schriftzeichen,Schriftzeichen für „Betrieb“,Schriftzeichen für „Geöffnet“
🈷️	Schriftzeichen für „Monatsbetrag“	japanisch,monatlich,Monatsbetrag,Mond,Schriftzeichen,Taste
✴️	achtstrahliger Stern	*,achtstrahliger Stern,Stern
🆚	Schriftzug VS in orangem Quadrat	gegen,Taste,versus,VS
💮	Blumenstempel	Blume,Blumenstempel
🉐	Schriftzeichen für „Schnäppchen“	japanisches Schriftzeichen,Schnäppchen,Schriftzeichen für „Schnäppchen“,Schriftzeichen für „Vorteil“,Vorteil
㊙️	Schriftzeichen für „Geheimnis“	chinesisches Schriftzeichen,Geheimnis,japanisches Schriftzeichen,Japanisches Schriftzeichen,Schriftzeichen für „Geheimnis“
㊗️	Schriftzeichen für „Gratulation“	chinesisches Schriftzeichen,Gratulation,japanisches Schriftzeichen,Schriftzeichen für „Gratulation“
🈴	Schriftzeichen für „Note zum Bestehen“	bestanden,bestehen,chinesisches Schriftzeichen,japanisches Schriftzeichen,Schriftzeichen für „Note zum Bestehen“,Schriftzeichen für „zusammen“,zusammen
🈵	Schriftzeichen für „Kein Zimmer frei“	belegt,besetzt,chinesisches Schriftzeichen,Fülle,japanisches Schriftzeichen,Kanji,kein Zimmer frei,Schriftzeichen für „Fülle“,Schriftzeichen für „Kein Zimmer frei“
🈹	Schriftzeichen für „Rabatt“	japanisches Schriftzeichen,Rabatt,Schriftzeichen für „Rabatt“,Schriftzeichen für „teilen“,teilen
🈲	Schriftzeichen für „verbieten“	japanisches Schriftzeichen,Kanji,Schriftzeichen für „verbieten“,verbieten
🅰️	Großbuchstabe A in rotem Quadrat	a,Blut,Blutgruppe,Großbuchstabe,negativ,positiv
🅱️	Großbuchstabe B in rotem Quadrat	b,Blut,Blutgruppe,Großbuchstabe,negativ,positiv
🆎	Großbuchstaben AB in rotem Quadrat	ab,Blut,Blutgruppe,Großbuchstaben AB in rotem Quadrat,negativ,positiv
🆑	Großbuchstaben CL in rotem Quadrat	CL,Großbuchstaben CL in rotem Quadrat
🅾️	Großbuchstabe O in rotem Quadrat	0,Blut,Blutgruppe,Großbuchstabe,negativ,O,positiv
🆘	SOS-Zeichen	Hilfe,SOS,SOS-Zeichen
❌	Kreuzzeichen	abbrechen,durchgestrichen,Kreuzzeichen,mal,Multiplikation,multiplizieren,Rotes Kreuz,x
⭕	hohler roter Kreis	großer Kreis,Großer Kreis,hohler roter Kreis,Kreis,o,rot
🛑	Stoppschild	achteckig,Schild,Stopp,Stoppschild
⛔	Zutritt verboten	Einbahnstrasse,kein Zutritt,keine Durchfahrt,verboten,Zutritt verboten,Zutritt-verboten-Schild
📛	Namensschild	Namensschild,Schild
🚫	Verboten	kein zutritt,Kein-Zutritt-Zeichen,Verboten,Verbotszeichen
💯	100 Punkte	100,100 Punkte,Punktestand,volle Punktzahl
💢	Ärger	Ärger,Comic,Wut
♨️	heiße Quellen	Dampf,dampfend,heiß,heiße Quelle,heiße Quellen,Quelle,Quellen
🚷	Fußgänger verboten	Fußgänger verboten,Fußgänger-verboten-Schild,verboten
🚯	Abfall verboten	Abfall,Müll,Müll-verboten-Zeichen,verboten
🚳	Fahrräder verboten	Fahhrad,Fahrrad-verboten-Schild,Fahrräder verboten,Radfahren verboten,verboten
🚱	Kein Trinkwasser	kein Trinkwasser,Kein Trinkwasser,verboten,verschmutzt,Wasser
🔞	Minderjährige verboten	Erwachsene,Minderjährige verboten,Mindestalter,nicht jugendfrei,Zeichen mit durchgestrichener 18
📵	Mobiltelefone verboten	Handy,Mobiltelefon,Mobiltelefone verboten,Verbot
❗	rotes Ausrufezeichen	!,Ausrufezeichen,rot,Satzzeichen
❓	rotes Fragezeichen	Frage,Fragezeichen,rot,rotes Fragezeichen,Rotes Fragezeichen,Satzzeichen,warum,wieso
❕	weißes Ausrufezeichen	Ausrufezeichen,muss,Satzzeichen,weiß,weißes Ausrufezeichen
❔	weißes Fragezeichen	Frage,Fragezeichen,Satzzeichen,warum,weiß,weißes Fragezeichen
‼️	doppeltes Ausrufezeichen	Ausrufezeichen,doppelt,doppeltes Ausrufezeichen,Doppeltes Ausrufezeichen,muss,rot,Satzzeichen
⁉️	Ausrufe- und Fragezeichen	Ausrufe- und Fragezeichen,Ausrufezeichen,Fragezeichen,rot,Satzzeichen
🔅	Taste Dimmen	dimmen,gedimmt,Helligkeit,schwache Helligkeit,Schwache Helligkeit,Taste Dimmen
🔆	Heller-Taste	heller,Heller-Taste,Helligkeit,starke Helligkeit,Starke Helligkeit
〽️	Teilalternationszeichen	japanisch,Teilalternationszeichen,Zeichensetzung
⚠️	Warnung	Achtung,Dreieck,Vorsicht,Warnschild,Warnung
🚸	Kinder überqueren die Straße	Kinder,Kinder überqueren die Straße,Kinder-queren-die-Straße-Schild,Straßenschild,Vorsicht
🔱	Dreizack	Anker,Dreizack,Poseidon,Triton
⚜️	Lilie	Fleur-de-Lis,Lilie
🔰	japanisches Anfänger-Zeichen	Anfänger,japanisches Anfänger-Zeichen,Japanisches Anfänger-Zeichen,japanisches Symbol
♻️	Recycling-Symbol	grüne Punkt,grüner Punkt,Recycling,Recycling-Symbol
✅	weißes Häkchen	abgehakt,erledigt,weißes Häkchen,Weißes Häkchen
🈯	Schriftzeichen für „reserviert“	Finger,japanisches Schriftzeichen,reserviert,Schriftzeichen für „Finger“,Schriftzeichen für „reserviert“
💹	steigende Kurve mit Yen-Zeichen	Diagramm,Markt,steigende Kurve mit Yen-Zeichen,Steigender Trend mit Yen-Zeichen
❇️	Funkeln	*,Funkeln,grün,Quadrat
✳️	achtzackiger Stern	*,achtzackig,achtzackiger Stern,grün,Quadrat,Stern
❎	angekreuztes Kästchen	angekreuztes Feld,angekreuztes Kästchen,Feld,Kreuz,Kreuzsymbol im Quadrat,Quadrat,X
🌐	Globus mit Meridianen	Breitengrad,Globus mit Meridianen,Längengrad
💠	Rautenform mit Punkt	Diamant,mit Punkt,Rautenform,Rautenform mit Punkt
Ⓜ️	Buchstabe „M“ in Kreis	Buchstabe,eingekreist,Großbuchstabe,Kreis,M
🌀	Wirbel	Spirale,Wirbel,Wirbelsturm
💤	Schlafen	Buchstaben,Comic,gähn,langweilig,müde,Nickerchen,öde,Schlaf,Schlafen,Schnarchen,ZZZ
🏧	Symbol „Geldautomat“	ATM,Geldautomat,Symbol „Geldautomat“
🚾	WC	Toilette,WC
♿	Symbol „Rollstuhl“	barrierefrei,behindertengerecht,Rollstuhl,Symbol „Rollstuhl“
🅿️	Großbuchstabe P in blauem Quadrat	Großbuchstabe,P,parken,Parkplatz,Taste
🈳	Schriftzeichen für „Zimmer frei“	chinesisches Schriftzeichen,japanisches Schriftzeichen,leer,Schriftzeichen für „leer“,Schriftzeichen für „Zimmer frei“,Zimmer frei
🈂️	Schriftzeichen „sa“	„sa“,japanisches Schriftzeichen,Schriftzeichen „sa“
🛂	Passkontrolle	Pass,Passkontrolle
🛃	Zollkontrolle	Zoll,Zollkontrolle
🛄	Gepäckausgabe	Gepäck,Gepäckausgabe
🛅	Gepäckaufbewahrung	Gepäck,Gepäckaufbewahrung,Schließfach
🏳️	weiße Flagge	Fahne,wehen,Wehende weiße Fahne,weiße Fahne,weiße Flagge
🏴	schwarze Flagge	Fahne,schwarze Fahne,schwarze Flagge,wehen,Wehende schwarze Fahne
🏁	Zielflagge	Flagge,formel 1,karierte Flagge,nascar,Rennen,Sport,Zielflagge
🚩	Wimpel	Dreiecksflagge,Flagge,rot,Standortflagge,Wimpel
🏳️‍🌈	Regenbogenflagge	bisexuell,bunt,Fahne,Flagge,lesbisch,lgbt,lgbtq,Pride,queer,Regenbogen,Regenbogenflagge,schwul,trans
🇺🇸	Flagge: Vereinigte Staaten	Flagge
🇬🇧	Flagge: Vereinigtes Königreich	Flagge
🇨🇦	Flagge: Kanada	Flagge
🇦🇺	Flagge: Australien	Flagge
🇳🇿	Flagge: Neuseeland	Flagge
🇮🇪	Flagge: Irland	Flagge
🇫🇷	Flagge: Frankreich	Flagge
🇩🇪	Flagge: Deutschland	Flagge
🇪🇸	Flagge: Spanien	Flagge
🇮🇹	Flagge: Italien	Flagge
🇵🇹	Flagge: Portugal	Flagge
🇳🇱	Flagge: Niederlande	Flagge
🇧🇪	Flagge: Belgien	Flagge
🇨🇭	Flagge: Schweiz	Flagge
🇦🇹	Flagge: Österreich	Flagge
🇸🇪	Flagge: Schweden	Flagge
🇳🇴	Flagge: Norwegen	Flagge
🇩🇰	Flagge: Dänemark	Flagge
🇫🇮	Flagge: Finnland	Flagge
🇮🇸	Flagge: Island	Flagge
🇵🇱	Flagge: Polen	Flagge
🇨🇿	Flagge: Tschechien	Flagge
🇬🇷	Flagge: Griechenland	Flagge
🇹🇷	Flagge: Türkei	Flagge
🇷🇺	Flagge: Russland	Flagge
🇺🇦	Flagge: Ukraine	Flagge
🇯🇵	Flagge: Japan	Flagge
🇰🇷	Flagge: Südkorea	Flagge
🇨🇳	Flagge: China	Flagge
🇮🇳	Flagge: Indien	Flagge
🇧🇷	Flagge: Brasilien	Flagge
🇲🇽	Flagge: Mexiko	Flagge
🇦🇷	Flagge: Argentinien	Flagge
🇿🇦	Flagge: Südafrika	Flagge
🇳🇬	Flagge: Nigeria	Flagge
🇰🇪	Flagge: Kenia	Flagge
🇪🇬	Flagge: Ägypten	Flagge
🇮🇱	Flagge: Israel	Flagge
🇸🇦	Flagge: Saudi-Arabien	Flagge
🇦🇪	Flagge: Vereinigte Arabische Emirate	Flagge
🇸🇬	Flagge: Singapur	Flagge
🇹🇭	Flagge: Thailand	Flagge
🇻🇳	Flagge: Vietnam	Flagge
🇵🇭	Flagge: Philippinen	Flagge
🇮🇩	Flagge: Indonesien	Flagge
