😀	grinning face	cheerful,cheery,face,grin,grinning,happy,laugh,nice,smile,smiling,teeth
😃	grinning face with big eyes	awesome,big,eyes,face,grin,grinning,happy,mouth,open,smile,smiling,teeth,yay
😄	grinning face with smiling eyes	eye,eyes,face,grin,grinning,happy,laugh,lol,mouth,open,smile,smiling
😁	beaming face with smiling eyes	beaming,eye,eyes,face,grin,grinning,happy,nice,smile,smiling,teeth
😆	grinning squinting face	closed,eyes,face,grinning,haha,hahaha,happy,laugh,lol,mouth,open,rofl,smile,smiling,squinting
😅	grinning face with sweat	cold,dejected,excited,face,grinning,mouth,nervous,open,smile,smiling,stress,stressed,sweat
😂	face with tears of joy	crying,face,feels,funny,haha,happy,hehe,hilarious,joy,laugh,lmao,lol,rofl,roflmao,tear
🙂	slightly smiling face	face,happy,slightly,smile,smiling
🙃	upside-down face	face,hehe,smile,upside-down
😉	winking face	face,flirt,heartbreaker,sexy,slide,tease,wink,winking,winks
😊	smiling face with smiling eyes	blush,eye,eyes,face,glad,satisfied,smile,smiling
😇	smiling face with halo	angel,angelic,angels,blessed,face,fairy,fairytale,fantasy,halo,happy,innocent,peaceful,smile,smiling,spirit,tale
🥰	smiling face with hearts	3,adore,crush,face,heart,hearts,ily,love,romance,smile,smiling,you
😍	smiling face with heart-eyes	143,bae,eye,face,feels,heart-eyes,hearts,ily,kisses,love,romance,romantic,smile,xoxo
😘	face blowing a kiss	adorbs,bae,blowing,face,flirt,heart,ily,kiss,love,lover,miss,muah,romantic,smooch,xoxo,you
😗	kissing face	143,date,dating,face,flirt,ily,kiss,love,smooch,smooches,xoxo,you
😚	kissing face with closed eyes	143,bae,blush,closed,date,dating,eye,eyes,face,flirt,ily,kisses,kissing,smooches,xoxo
😋	face savoring food	delicious,eat,face,food,full,hungry,savor,smile,smiling,tasty,um,yum,yummy
😜	winking face with tongue	crazy,epic,eye,face,funny,joke,loopy,nutty,party,stuck-out,tongue,wacky,weirdo,wink,winking,yolo
🤪	zany face	crazy,eye,eyes,face,goofy,large,small,zany
😝	squinting face with tongue	closed,eye,eyes,face,gross,horrible,omg,squinting,stuck-out,taste,tongue,whatever,yolo
🤗	smiling face with open hands	face,hands,hug,hugging,open,smiling
🤔	thinking face	chin,consider,face,hmm,ponder,pondering,thinking,wondering
🤐	zipper-mouth face	face,keep,mouth,quiet,secret,shut,zip,zipper,zipper-mouth
😐	neutral face	awkward,blank,deadpan,expressionless,face,fine,jealous,meh,neutral,oh,shade,straight,unamused,unhappy,unimpressed,whatever
😑	expressionless face	awkward,dead,expressionless,face,fine,inexpressive,jealous,meh,not,oh,omg,straight,uh,unhappy,unimpressed,whatever
😶	face without mouth	awkward,blank,expressionless,face,mouth,mouthless,mute,quiet,secret,silence,silent,speechless
😏	smirking face	boss,dapper,face,flirt,homie,kidding,leer,shade,slick,sly,smirk,smug,snicker,suave,suspicious,swag
😒	unamused face	...,bored,face,fine,jealous,jel,jelly,pissed,smh,ugh,uhh,unamused,unhappy,weird,whatever
🙄	face with rolling eyes	eyeroll,eyes,face,rolling,shade,ugh,whatever
😬	grimacing face	awk,awkward,dentist,face,grimace,grimacing,grinning,smile,smiling
😌	relieved face	calm,face,peace,relief,relieved,zen
😔	pensive face	awful,bored,dejected,died,disappointed,face,losing,lost,pensive,sad,sucks
😪	sleepy face	crying,face,good,night,sad,sleep,sleeping,sleepy,tired
😴	sleeping face	bed,bedtime,face,good,goodnight,nap,night,sleep,sleeping,tired,whatever,yawn,zzz
😷	face with medical mask	cold,dentist,dermatologist,doctor,dr,face,germs,mask,medical,medicine,sick
🤒	face with thermometer	face,ill,sick,thermometer
🤕	face with head-bandage	bandage,face,head-bandage,hurt,injury,ouch
🤧	sneezing face	face,fever,flu,gesundheit,sick,sneeze,sneezing
🥵	hot face	dying,face,feverish,heat,hot,panting,red-faced,stroke,sweating,tongue
🥶	cold face	blue,blue-faced,cold,face,freezing,frostbite,icicles,subzero,teeth
😵	face with crossed-out eyes	crossed-out,dead,dizzy,eyes,face,feels,knocked,out,sick,tired
🤯	exploding head	blown,explode,exploding,head,mind,mindblown,no,shocked,way
🤠	cowboy hat face	cowboy,cowgirl,face,hat
😎	smiling face with sunglasses	awesome,beach,bright,bro,chilling,cool,face,rad,relaxed,shades,slay,smile,style,sunglasses,swag,win
🤓	nerd face	brainy,clever,expert,face,geek,gifted,glasses,intelligent,nerd,smart
😕	confused face	befuddled,confused,confusing,dunno,face,frown,hm,meh,not,sad,sorry,sure
😟	worried face	anxious,butterflies,face,nerves,nervous,sad,stress,stressed,surprised,worried,worry
🙁	slightly frowning face	face,frown,frowning,sad,slightly
😮	face with open mouth	believe,face,forgot,mouth,omg,open,shocked,surprised,sympathy,unbelievable,unreal,whoa,wow,you
😯	hushed face	epic,face,hushed,omg,stunned,surprised,whoa,woah
😲	astonished face	astonished,cost,face,no,omg,shocked,totally,way
😳	flushed face	amazed,awkward,crazy,dazed,dead,disbelief,embarrassed,face,flushed,geez,heat,hot,impressed,jeez,what,wow
😦	frowning face with open mouth	caught,face,frown,frowning,guard,mouth,open,scared,scary,surprise,what,wow
😨	fearful face	afraid,anxious,blame,face,fear,fearful,scared,worried
😰	anxious face with sweat	anxious,blue,cold,eek,face,mouth,nervous,open,rushed,scared,sweat,yikes
😥	sad but relieved face	anxious,call,close,complicated,disappointed,face,not,relieved,sad,sweat,time,whew
😢	crying face	awful,cry,crying,face,feels,miss,sad,tear,triste,unhappy
😭	loudly crying face	bawling,cry,crying,face,loudly,sad,sob,tear,tears,unhappy
😱	face screaming in fear	epic,face,fear,fearful,munch,scared,scream,screamer,screaming,shocked,surprised,woah
😖	confounded face	annoyed,confounded,confused,cringe,distraught,face,feels,frustrated,mad,sad
😣	persevering face	concentrate,concentration,face,focus,headache,persevere,persevering
😞	disappointed face	awful,blame,dejected,disappointed,face,fail,losing,sad,unhappy
😓	downcast face with sweat	close,cold,downcast,face,feels,headache,nervous,sad,scared,sweat,yikes
😩	weary face	crying,face,fail,feels,hungry,mad,nooo,sad,sleepy,tired,unhappy,weary
😫	tired face	cost,face,feels,nap,sad,sneeze,tired
😤	face with steam from nose	anger,angry,face,feels,fume,fuming,furious,fury,mad,nose,steam,triumph,unhappy,won
😡	enraged face	anger,angry,enraged,face,feels,mad,maddening,pouting,rage,red,shade,unhappy,upset
😠	angry face	anger,angry,blame,face,feels,frustrated,mad,maddening,rage,shade,unhappy,upset
🤬	face with symbols on mouth	censor,cursing,cussing,face,mad,mouth,pissed,swearing,symbols
😈	smiling face with horns	demon,devil,evil,face,fairy,fairytale,fantasy,horns,purple,shade,smile,smiling,tale
💀	skull	body,dead,death,face,fairy,fairytale,i’m,lmao,monster,skull,tale,yolo
💩	pile of poo	bs,comic,doo,dung,face,fml,monster,pile,poo,poop,smelly,smh,stink,stinks,stinky,turd
🤡	clown face	clown,face
👹	ogre	creature,devil,face,fairy,fairytale,fantasy,mask,monster,ogre,scary,tale
👻	ghost	boo,creature,excited,face,fairy,fairytale,fantasy,ghost,halloween,haunting,monster,scary,silly,tale
👽	alien	alien,creature,extraterrestrial,face,fairy,fairytale,fantasy,monster,space,tale,ufo
🤖	robot	face,monster,robot
👋	waving hand	bye,cya,g2g,greetings,gtg,hand,hello,hey,hi,later,outtie,ttfn,ttyl,wave,yo,you
🤚	raised back of hand	back,backhand,hand,raised
✋	raised hand	5,five,hand,high,raised,stop
👌	OK hand	awesome,bet,dope,fleek,fosho,got,gotcha,hand,legit,OK,okay,pinch,rad,sure,sweet,three
✌️	victory hand	hand,peace,v,victory
🤞	crossed fingers	cross,crossed,finger,fingers,hand,luck
🤟	love-you gesture	fingers,gesture,hand,ILY,love,love-you,three,you
🤘	sign of the horns	finger,hand,horns,rock-on,sign
👈	backhand index pointing left	backhand,finger,hand,index,left,point,pointing
👉	backhand index pointing right	backhand,finger,hand,index,point,pointing,right
👆	backhand index pointing up	backhand,finger,hand,index,point,pointing,up
👇	backhand index pointing down	backhand,down,finger,hand,index,point,pointing
👍	thumbs up	+1,good,hand,like,thumb,up,yes
👎	thumbs down	-1,bad,dislike,down,good,hand,no,nope,thumb,thumbs
✊	raised fist	clenched,fist,hand,punch,raised,solidarity
👊	oncoming fist	absolutely,agree,boom,bro,bruh,bump,clenched,correct,fist,hand,knuckle,oncoming,pound,punch,rock,ttyl
👏	clapping hands	applause,approval,awesome,clap,congrats,congratulations,excited,good,great,hand,homie,job,nice,prayed,well,yay
🙌	raising hands	celebration,gesture,hand,hands,hooray,praise,raised,raising
🙏	folded hands	appreciate,ask,beg,blessed,bow,cmon,five,folded,gesture,hand,high,please,pray,thanks,thx
💪	flexed biceps	arm,beast,bench,biceps,bodybuilder,bro,curls,flex,gains,gym,jacked,muscle,press,ripped,strong,weightlift
🦵	leg	bent,foot,kick,knee,leg,limb
👀	eyes	body,eye,eyes,face,googly,look,looking,omg,peep,see,seeing
👣	footprints	barefoot,clothing,footprint,footprints,omw,print,walk
👶	baby	babies,baby,children,goo,infant,newborn,pregnant,young
🧒	child	bright-eyed,child,grandchild,kid,young,younger
👦	boy	boy,bright-eyed,child,grandson,kid,son,young,younger
👧	girl	bright-eyed,child,daughter,girl,granddaughter,kid,Virgo,young,younger,zodiac
🧑	person	adult,person
👨	man	adult,bro,man
👩	woman	adult,lady,woman
🧓	older person	adult,elderly,grandparent,old,person,wise
🙋	person raising hand	gesture,hand,here,know,me,person,pick,question,raise,raising
🤦	person facepalming	again,bewilder,disbelief,exasperation,facepalm,no,not,oh,omg,person,shock,smh
🤷	person shrugging	doubt,dunno,guess,idk,ignorance,indifference,knows,maybe,person,shrug,shrugging,whatever,who
💁	person tipping hand	fetch,flick,flip,gossip,hand,person,sarcasm,sarcastic,sassy,seriously,tipping,whatever
🙇	person bowing	apology,ask,beg,bow,bowing,favor,forgive,gesture,meditate,meditation,person,pity,regret,sorry
💃	woman dancing	dance,dancer,dancing,elegant,festive,flair,flamenco,groove,let’s,salsa,tango,woman
🕺	man dancing	dance,dancer,dancing,elegant,festive,flair,flamenco,groove,let’s,man,salsa,tango
👪	family	child,family
🐶	dog face	adorbs,animal,dog,face,pet,puppies,puppy
🐱	cat face	animal,cat,face,kitten,kitty,pet
🐭	mouse face	animal,face,mouse
🐹	hamster	animal,face,hamster,pet
🐰	rabbit face	animal,bunny,face,pet,rabbit
🦊	fox	animal,face,fox
🐻	bear	animal,bear,face,grizzly,growl,honey
🐼	panda	animal,bamboo,face,panda
🐨	koala	animal,australia,bear,down,face,koala,marsupial,under
🐯	tiger face	animal,big,cat,face,predator,tiger
🦁	lion	alpha,animal,face,Leo,lion,mane,order,rawr,roar,safari,strong,zodiac
🐮	cow face	animal,cow,face,farm,milk,moo
🐷	pig face	animal,bacon,face,farm,pig,pork
🐽	pig nose	animal,face,farm,nose,pig,smell,snout
🐸	frog	animal,face,frog
🐵	monkey face	animal,banana,face,monkey
🙈	see-no-evil monkey	embarrassed,evil,face,forbidden,forgot,gesture,hide,monkey,no,omg,prohibited,scared,secret,smh,watch
🙉	hear-no-evil monkey	animal,ears,evil,face,forbidden,gesture,hear,listen,monkey,no,not,prohibited,secret,shh,tmi
🙊	speak-no-evil monkey	animal,evil,face,forbidden,gesture,monkey,no,not,oops,prohibited,quiet,secret,speak,stealth
🐒	monkey	animal,banana,monkey
🐔	chicken	animal,bird,chicken,ornithology
🐧	penguin	animal,antarctica,bird,ornithology,penguin
🐦	bird	animal,bird,ornithology
🐤	baby chick	animal,baby,bird,chick,ornithology
🦆	duck	animal,bird,duck,ornithology
🦅	eagle	animal,bird,eagle,ornithology
🦉	owl	animal,bird,ornithology,owl,wise
🦇	bat	animal,bat,vampire
🐺	wolf	animal,face,wolf
🐗	boar	animal,boar,pig
🐴	horse face	animal,dressage,equine,face,farm,horse,horses
🦄	unicorn	face,unicorn
🐝	honeybee	animal,bee,bumblebee,honey,honeybee,insect,nature,spring
🐛	bug	animal,bug,garden,insect
🦋	butterfly	butterfly,insect,pretty
🐌	snail	animal,escargot,garden,nature,slug,snail
🐞	lady beetle	animal,beetle,garden,insect,lady,ladybird,ladybug,nature
🐜	ant	animal,ant,garden,insect
🕷	spider	animal,insect,spider
🦂	scorpion	Scorpio,scorpion,Scorpius,zodiac
🐢	turtle	animal,terrapin,tortoise,turtle
🐍	snake	animal,bearer,Ophiuchus,serpent,snake,zodiac
🦎	lizard	animal,lizard,reptile
🐙	octopus	animal,creature,ocean,octopus
🦑	squid	animal,food,mollusk,squid
🦐	shrimp	food,shellfish,shrimp,small
🦀	crab	Cancer,crab,zodiac
🐡	blowfish	animal,blowfish,fish
🐠	tropical fish	animal,fish,fishes,tropical
🐟	fish	animal,dinner,fish,fishes,fishing,Pisces,zodiac
🐬	dolphin	animal,beach,dolphin,flipper,ocean
🐳	spouting whale	animal,beach,face,ocean,spouting,whale
🐋	whale	animal,beach,ocean,whale
🦈	shark	animal,fish,shark
🐊	crocodile	animal,crocodile,zoo
🐅	tiger	animal,big,cat,predator,tiger,zoo
🐆	leopard	animal,big,cat,leopard,predator,zoo
🦓	zebra	animal,stripe,zebra
🦍	gorilla	animal,gorilla
🐘	elephant	animal,elephant
🦏	rhinoceros	animal,rhinoceros
🐪	camel	animal,camel,desert,dromedary,hump,one
🐫	two-hump camel	animal,bactrian,camel,desert,hump,two,two-hump
🦒	giraffe	animal,giraffe,spots
🐃	water buffalo	animal,buffalo,water,zoo
🐄	cow	animal,animals,cow,farm,milk,moo
🐎	horse	animal,equestrian,farm,horse,racehorse,racing
🐖	pig	animal,bacon,farm,pig,pork,sow
🐏	ram	animal,Aries,horns,male,ram,sheep,zodiac,zoo
🐑	ewe	animal,baa,ewe,farm,female,fluffy,lamb,sheep,wool
🐐	goat	animal,Capricorn,farm,goat,milk,zodiac
🦌	deer	animal,deer
🐕	dog	animal,animals,dog,dogs,pet
🐩	poodle	animal,dog,fluffy,poodle
🐈	cat	animal,animals,cat,cats,kitten,pet
🐓	rooster	animal,bird,ornithology,rooster
🦃	turkey	bird,gobble,thanksgiving,turkey
🕊	dove	bird,dove,fly,ornithology,peace
🐇	rabbit	animal,bunny,pet,rabbit
🐁	mouse	animal,animals,mouse
🐀	rat	animal,rat
🐿	chipmunk	animal,chipmunk,squirrel
🌵	cactus	cactus,desert,drought,nature,plant
🎄	Christmas tree	celebration,Christmas,tree
🌲	evergreen tree	christmas,evergreen,forest,pine,tree
🌳	deciduous tree	deciduous,forest,green,habitat,shedding,tree
🌴	palm tree	beach,palm,plant,tree,tropical
🌱	seedling	plant,sapling,seedling,sprout,young
🌿	herb	herb,leaf,plant
☘️	shamrock	irish,plant,shamrock
🍀	four leaf clover	4,clover,four,four-leaf,irish,leaf,lucky,plant
🍁	maple leaf	falling,leaf,maple
🍂	fallen leaf	autumn,fall,fallen,falling,leaf
🍃	leaf fluttering in wind	blow,flutter,fluttering,leaf,wind
🌺	hibiscus	flower,hibiscus,plant
🌸	cherry blossom	blossom,cherry,flower,plant,spring,springtime
🌼	blossom	blossom,buttercup,dandelion,flower,plant
🌻	sunflower	flower,outdoors,plant,sun,sunflower
🌞	sun with face	beach,bright,day,face,heat,shine,sun,sunny,sunshine,weather
🌝	full moon face	bright,face,full,moon
🌛	first quarter moon face	face,first,moon,quarter,space
⭐	star	astronomy,medium,star,stars,white
🌟	glowing star	glittery,glow,glowing,night,shining,sparkle,star,win
✨	sparkles	*,magic,sparkle,sparkles,star
⚡	high voltage	danger,electric,electricity,high,lightning,nature,thunder,thunderbolt,voltage,zap
🔥	fire	af,burn,fire,flame,hot,lit,litaf,tool
🌈	rainbow	gay,genderqueer,glbt,glbtq,lesbian,lgbt,lgbtq,lgbtqia,nature,pride,queer,rain,rainbow,trans,transgender,weather
☁️	cloud	cloud,weather
❄️	snowflake	cold,snow,snowflake,weather
💧	droplet	cold,comic,drop,droplet,nature,sad,sweat,tear,water,weather
🌊	water wave	nature,ocean,surf,surfer,surfing,water,wave
🍏	green apple	apple,fruit,green
🍎	red apple	apple,diet,food,fruit,health,red,ripe
🍐	pear	fruit,pear
🍊	tangerine	c,citrus,fruit,nectarine,orange,tangerine,vitamin
🍋	lemon	citrus,fruit,lemon,sour
🍌	banana	banana,fruit,potassium
🍉	watermelon	fruit,watermelon
🍇	grapes	Dionysus,fruit,grape,grapes
🍓	strawberry	berry,fruit,strawberry
🍈	melon	cantaloupe,fruit,melon
🍒	cherries	berries,cherries,cherry,fruit,red
🍑	peach	fruit,peach
🍍	pineapple	colada,fruit,pina,pineapple,tropical
🥥	coconut	coconut,colada,palm,piña
🥝	kiwi fruit	food,fruit,kiwi
🍅	tomato	food,fruit,tomato,vegetable
🥑	avocado	avocado,food,fruit
🍆	eggplant	aubergine,eggplant,vegetable
🥔	potato	food,potato,vegetable
🥕	carrot	carrot,food,vegetable
🌽	ear of corn	corn,crops,ear,farm,maize,maze
🌶	hot pepper	hot,pepper
🥒	cucumber	cucumber,food,pickle,vegetable
🥦	broccoli	broccoli,cabbage,wild
🍄	mushroom	fungus,mushroom,toadstool
🥜	peanuts	food,nut,peanut,peanuts,vegetable
🌰	chestnut	almond,chestnut,plant
🍞	bread	bread,carbs,food,grain,loaf,restaurant,toast,wheat
🥐	croissant	bread,breakfast,crescent,croissant,food,french,roll
🥖	baguette bread	baguette,bread,food,french
🥨	pretzel	convoluted,pretzel,twisted
🧀	cheese wedge	cheese,wedge
🥚	egg	breakfast,egg,food
🍳	cooking	breakfast,cooking,easy,egg,fry,frying,over,pan,restaurant,side,sunny,up
🥞	pancakes	breakfast,crêpe,food,hotcake,pancake,pancakes
🥓	bacon	bacon,breakfast,food,meat
🥩	cut of meat	chop,cut,lambchop,meat,porkchop,red,steak
🍗	poultry leg	bone,chicken,drumstick,hungry,leg,poultry,turkey
🍖	meat on bone	bone,meat
🌭	hot dog	dog,frankfurter,hot,hotdog,sausage
🍔	hamburger	burger,eat,fast,food,hamburger,hungry
🍟	french fries	fast,food,french,fries
🍕	pizza	cheese,food,hungry,pepperoni,pizza,slice
🥪	sandwich	bread,sandwich
🌮	taco	mexican,taco
🌯	burrito	burrito,mexican,wrap
🥗	green salad	food,green,salad
🥘	shallow pan of food	casserole,food,paella,pan,shallow
🍝	spaghetti	food,meatballs,pasta,restaurant,spaghetti
🍜	steaming bowl	bowl,chopsticks,food,noodle,pho,ramen,soup,steaming
🍲	pot of food	food,pot,soup,stew
🍛	curry rice	curry,food,rice
🍣	sushi	food,sushi
🍱	bento box	bento,box,food
🥟	dumpling	dumpling,empanada,gyōza,jiaozi,pierogi,potsticker
🍤	fried shrimp	fried,prawn,shrimp,tempura
🍙	rice ball	ball,food,Japanese,rice
🍚	cooked rice	cooked,food,rice
🍘	rice cracker	cracker,food,rice
🍥	fish cake with swirl	cake,fish,food,pastry,restaurant,swirl
🍡	dango	dango,dessert,Japanese,skewer,stick,sweet
🍦	soft ice cream	cream,dessert,food,ice,icecream,restaurant,serve,soft,sweet
🍰	shortcake	cake,dessert,pastry,shortcake,slice,sweet
🎂	birthday cake	bday,birthday,cake,celebration,dessert,happy,pastry,sweet
🍮	custard	custard,dessert,pudding,sweet
🍭	lollipop	candy,dessert,food,lollipop,restaurant,sweet
🍬	candy	candy,cavities,dessert,halloween,restaurant,sweet,tooth,wrapper
🍫	chocolate bar	bar,candy,chocolate,dessert,halloween,sweet,tooth
🍿	popcorn	corn,movie,pop,popcorn
🍩	doughnut	breakfast,dessert,donut,doughnut,food,sweet
🍪	cookie	chip,chocolate,cookie,dessert,sweet
☕	hot beverage	beverage,cafe,caffeine,chai,coffee,drink,hot,morning,steaming,tea
🍵	teacup without handle	beverage,cup,drink,handle,oolong,tea,teacup
🥤	cup with straw	cup,drink,juice,malt,soda,soft,straw,water
🍶	sake	bar,beverage,bottle,cup,drink,restaurant,sake
🍺	beer mug	alcohol,ale,bar,beer,booze,drink,drinking,drinks,mug,octoberfest,oktoberfest,pint,stein,summer
🍻	clinking beer mugs	alcohol,bar,beer,booze,bottoms,cheers,clink,clinking,drinking,drinks,mugs
🥂	clinking glasses	celebrate,clink,clinking,drink,glass,glasses
🍷	wine glass	alcohol,bar,beverage,booze,club,drink,drinking,drinks,glass,restaurant,wine
🥃	tumbler glass	glass,liquor,scotch,shot,tumbler,whiskey,whisky
🍸	cocktail glass	alcohol,bar,booze,club,cocktail,drink,drinking,drinks,glass,mad,martini,men
🍹	tropical drink	alcohol,bar,booze,club,cocktail,drink,drinking,drinks,drunk,mai,party,tai,tropical,tropics
🍾	bottle with popping cork	bar,bottle,cork,drink,popping
🥄	spoon	eat,spoon,tableware
🍴	fork and knife	breakfast,breaky,cooking,cutlery,delicious,dinner,eat,feed,food,fork,hungry,knife,lunch,restaurant,yum,yummy
🍽	fork and knife with plate	cooking,dinner,eat,fork,knife,plate
🥢	chopsticks	chopsticks,hashi,jeotgarak,kuaizi
⚽	soccer ball	ball,football,futbol,soccer,sport
🏀	basketball	ball,basketball,hoop,sport
🏈	american football	american,ball,bowl,football,sport,super
⚾	baseball	ball,baseball,sport
🎾	tennis	ball,racquet,sport,tennis
🏐	volleyball	ball,game,volleyball
🏉	rugby football	ball,football,rugby,sport
🎱	pool 8 ball	8,8ball,ball,billiard,eight,game,pool
🏓	ping pong	ball,bat,game,paddle,ping,pingpong,pong,table,tennis
🏸	badminton	badminton,birdie,game,racquet,shuttlecock
🥅	goal net	goal,net
🏒	ice hockey	game,hockey,ice,puck,stick
🏑	field hockey	ball,field,game,hockey,stick
🏏	cricket game	ball,bat,cricket,game
⛳	flag in hole	flag,golf,hole,sport
🏹	bow and arrow	archer,archery,arrow,bow,Sagittarius,tool,weapon,zodiac
🎣	fishing pole	entertainment,fish,fishing,pole,sport
🥊	boxing glove	boxing,glove
🥋	martial arts uniform	arts,judo,karate,martial,taekwondo,uniform
⛸	ice skate	ice,skate,skating
🎿	skis	ski,skis,snow,sport
⛷	skier	ski,skier,snow
🏂	snowboarder	ski,snow,snowboard,snowboarder,sport
🏋️	person lifting weights	barbell,bodybuilder,deadlift,lifter,lifting,person,powerlifting,weight,weightlifter,weights,workout
🤼	people wrestling	combat,duel,grapple,people,ring,tournament,wrestle,wrestling
🤸	person cartwheeling	active,cartwheel,cartwheeling,excited,flip,gymnastics,happy,person,somersault
⛹️	person bouncing ball	athletic,ball,basketball,bouncing,championship,dribble,net,person,player,throw
🤺	person fencing	fencer,fencing,person,sword
🤾	person playing handball	athletics,ball,catch,chuck,handball,hurl,lob,person,pitch,playing,sport,throw,toss
🏌️	person golfing	ball,birdie,caddy,driving,golf,golfing,green,person,pga,putt,range,tee
🏇	horse racing	horse,jockey,racehorse,racing,riding,sport
🧘	person in lotus position	cross,legged,legs,lotus,meditation,peace,person,position,relax,serenity,yoga,yogi,zen
🏄	person surfing	beach,ocean,person,sport,surf,surfer,surfing,swell,waves
🏊	person swimming	freestyle,person,sport,swim,swimmer,swimming,triathlon
🤽	person playing water polo	person,playing,polo,sport,swimming,water,waterpolo
🚣	person rowing boat	boat,canoe,cruise,fishing,lake,oar,paddle,person,raft,river,row,rowboat,rowing
🧗	person climbing	climb,climber,climbing,mountain,person,rock,scale,up
🚴	person biking	bicycle,bicyclist,bike,biking,cycle,cyclist,person,riding,sport
🚵	person mountain biking	bicycle,bicyclist,bike,biking,cycle,cyclist,mountain,person,riding,sport
🎪	circus tent	circus,tent
🎭	performing arts	actor,actress,art,arts,entertainment,mask,performing,theater,theatre,thespian
🎨	artist palette	art,artist,artsy,arty,colorful,creative,entertainment,museum,painter,painting,palette
🎬	clapper board	action,board,clapper,movie
🎤	microphone	karaoke,mic,microphone,music,sing,sound
🎧	headphone	earbud,headphone,sound
🎼	musical score	music,musical,note,score
🎹	musical keyboard	instrument,keyboard,music,musical,piano
🥁	drum	drum,drumsticks,music
🎷	saxophone	instrument,music,sax,saxophone
🎺	trumpet	instrument,music,trumpet
🎸	guitar	guitar,instrument,music,strat
🎻	violin	instrument,music,violin
🎲	game die	dice,die,entertainment,game
🎯	bullseye	bull,bullseye,dart,direct,entertainment,game,hit,target
🎳	bowling	ball,bowling,game,sport,strike
🎮	video game	controller,entertainment,game,video
🎰	slot machine	casino,gamble,gambling,game,machine,slot,slots
🧩	puzzle piece	clue,interlocking,jigsaw,piece,puzzle
🏆	trophy	champion,champs,prize,slay,sport,trophy,victory,win,winning
🥇	1st place medal	1st,first,gold,medal,place
🥈	2nd place medal	2nd,medal,place,second,silver
🥉	3rd place medal	3rd,bronze,medal,place,third
🏅	sports medal	award,gold,medal,sports,winner
🎖	military medal	award,celebration,medal,military
🎗	reminder ribbon	celebration,reminder,ribbon
🎫	ticket	admission,stub,ticket
🎟	admission tickets	admission,ticket,tickets
🚗	automobile	automobile,car,driving,vehicle
🚕	taxi	cab,cabbie,car,drive,taxi,vehicle,yellow
🚙	sport utility vehicle	car,drive,recreational,sport,sportutility,utility,vehicle
🚌	bus	bus,school,vehicle
🚎	trolleybus	bus,tram,trolley,trolleybus
🏎	racing car	car,racing,zoom
🚓	police car	5–0,car,cops,patrol,police
🚑	ambulance	ambulance,emergency,vehicle
🚒	fire engine	engine,fire,truck
🚐	minibus	bus,drive,minibus,van,vehicle
🚚	delivery truck	car,delivery,drive,truck,vehicle
🚛	articulated lorry	articulated,car,drive,lorry,move,semi,truck,vehicle
🚜	tractor	tractor,vehicle
🛴	kick scooter	kick,scooter
🚲	bicycle	bicycle,bike,class,cycle,cycling,cyclist,gang,ride,spin,spinning
🛵	motor scooter	motor,scooter
🏍	motorcycle	motorcycle,racing
🚨	police car light	alarm,alert,beacon,car,emergency,light,police,revolving,siren
🚔	oncoming police car	car,oncoming,police
🚍	oncoming bus	bus,cars,oncoming
🚘	oncoming automobile	automobile,car,cars,drove,oncoming,vehicle
🚖	oncoming taxi	cab,cabbie,cars,drove,hail,oncoming,taxi,yellow
🚡	aerial tramway	aerial,cable,car,gondola,ropeway,tramway
🚠	mountain cableway	cable,cableway,gondola,lift,mountain,ski
🚟	suspension railway	railway,suspension
🚃	railway car	car,electric,railway,train,tram,travel,trolleybus
🚋	tram car	bus,car,tram,trolley,trolleybus
🚞	mountain railway	car,mountain,railway,trip
🚝	monorail	monorail,vehicle
🚄	high-speed train	high-speed,railway,shinkansen,speed,train
🚅	bullet train	bullet,high-speed,nose,railway,shinkansen,speed,train,travel
🚈	light rail	arrived,light,monorail,rail,railway
🚂	locomotive	caboose,engine,locomotive,railway,steam,train,trains,travel
🚆	train	arrived,choo,railway,train
🚇	metro	metro,subway,travel
🚊	tram	tram,trolleybus
🚉	station	railway,station,train
✈️	airplane	aeroplane,airplane,fly,flying,jet,plane,travel
🛫	airplane departure	aeroplane,airplane,check-in,departure,departures,plane
🛬	airplane arrival	aeroplane,airplane,arrival,arrivals,arriving,landing,plane
🚀	rocket	launch,rocket,rockets,space,travel
🛸	flying saucer	aliens,extra,flying,saucer,terrestrial,UFO
🚁	helicopter	copter,helicopter,roflcopter,travel,vehicle
🛶	canoe	boat,canoe
⛵	sailboat	boat,resort,sailboat,sailing,sea,yacht
🚤	speedboat	billionaire,boat,lake,luxury,millionaire,speedboat,summer,travel
🛳	passenger ship	passenger,ship
⛴	ferry	boat,ferry,passenger
🚢	ship	boat,passenger,ship,travel
⚓	anchor	anchor,ship,tool
🚧	construction	barrier,construction
⛽	fuel pump	diesel,fuel,fuelpump,gas,gasoline,pump,station
🗺	world map	map,world
🗿	moai	face,moai,moyai,statue,stoneface,travel
🗽	Statue of Liberty	liberty,Liberty,new,ny,nyc,statue,Statue,york
🗼	Tokyo tower	Tokyo,tower
🏰	castle	building,castle,European
🏯	Japanese castle	building,castle,Japanese
🏟	stadium	stadium
🎡	ferris wheel	amusement,ferris,park,theme,wheel
🎢	roller coaster	amusement,coaster,park,roller,theme
🎠	carousel horse	carousel,entertainment,horse
⛲	fountain	fountain
⛱	umbrella on ground	ground,rain,sun,umbrella
🏖	beach with umbrella	beach,umbrella
🏝	desert island	desert,island
🏜	desert	desert
🌋	volcano	eruption,mountain,nature,volcano
⛰	mountain	mountain
🏔	snow-capped mountain	cold,mountain,snow,snow-capped
🗻	mount fuji	fuji,mount,mountain,nature
🏕	camping	camping
⛺	tent	camping,tent
🏠	house	building,country,heart,home,house,ranch,settle,simple,suburban,suburbia,where
🏡	house with garden	building,country,garden,heart,home,house,ranch,settle,simple,suburban,suburbia,where
🏘	houses	house,houses
🏢	office building	building,city,cubical,job,office
🏣	Japanese post office	building,Japanese,office,post
🏥	hospital	building,doctor,hospital,medicine
🏦	bank	bank,building
🏨	hotel	building,hotel
🏪	convenience store	24,building,convenience,hours,store
🏫	school	building,school
🏬	department store	building,department,store
🏭	factory	building,factory
⛪	church	bless,chapel,Christian,church,cross,religion
🕌	mosque	islam,masjid,mosque,Muslim,religion
🕍	synagogue	Jew,Jewish,judaism,religion,synagogue,temple
🌃	night with stars	night,star,stars
🌆	cityscape at dusk	at,building,city,cityscape,dusk,evening,landscape,sun,sunset
🌇	sunset	building,dusk,sun,sunset
🌉	bridge at night	at,bridge,night
🌌	milky way	milky,space,way
🌁	foggy	fog,foggy
⌚	watch	clock,time,watch
📱	mobile phone	cell,communication,mobile,phone,telephone
💻	laptop	computer,laptop,office,pc,personal
⌨️	keyboard	computer,keyboard
🖥	desktop computer	computer,desktop,monitor
🖨	printer	computer,printer
🖱	computer mouse	computer,mouse
💽	computer disk	computer,disk,minidisk,optical
💾	floppy disk	computer,disk,floppy
💿	optical disk	blu-ray,CD,computer,disk,dvd,optical
📷	camera	camera,photo,selfie,snap,tbt,trip,video
📸	camera with flash	camera,flash,video
📹	video camera	camcorder,camera,tbt,video
🎥	movie camera	bollywood,camera,cinema,film,hollywood,movie,record
📞	telephone receiver	communication,phone,receiver,telephone,voip
☎️	telephone	phone,telephone
📟	pager	communication,pager
📠	fax machine	communication,fax,machine
📺	television	television,tv,video
📻	radio	entertainment,radio,tbt,video
🎙	studio microphone	mic,microphone,music,studio
⏱	stopwatch	clock,stopwatch,time
⏲	timer clock	clock,timer
⏰	alarm clock	alarm,clock,hours,hrs,late,time,waiting
🕰	mantelpiece clock	clock,mantelpiece,time
⌛	hourglass done	done,hourglass,sand,time,timer
⏳	hourglass not done	done,flowing,hourglass,hours,not,sand,timer,waiting,yolo
📡	satellite antenna	aliens,antenna,contact,dish,satellite,science
🔋	battery	battery
🔌	electric plug	electric,electricity,plug
💡	light bulb	bulb,comic,electric,idea,light
🔦	flashlight	electric,flashlight,light,tool,torch
🕯	candle	candle,light
🗑	wastebasket	can,garbage,trash,waste,wastebasket
🛢	oil drum	drum,oil
💸	money with wings	bank,banknote,bill,billion,cash,dollar,fly,million,money,note,pay,wings
💵	dollar banknote	bank,banknote,bill,currency,dollar,money,note
💴	yen banknote	bank,banknote,bill,currency,money,note,yen
💶	euro banknote	100,bank,banknote,bill,currency,euro,money,note,rich
💷	pound banknote	bank,banknote,bill,billion,cash,currency,money,note,pound,pounds
💰	money bag	bag,bank,bet,billion,cash,cost,dollar,gold,million,money,moneybag,paid,paying,pot,rich,win
💳	credit card	bank,card,cash,charge,credit,money,pay
💎	gem stone	diamond,engagement,gem,jewel,money,romance,stone,wedding
⚖️	balance scale	balance,justice,Libra,scale,scales,tool,weight,zodiac
🔧	wrench	home,improvement,spanner,tool,wrench
🔨	hammer	hammer,home,improvement,repairs,tool
⚒	hammer and pick	hammer,pick,tool
🛠	hammer and wrench	hammer,spanner,tool,wrench
⛏	pick	hammer,mining,pick,tool
🔩	nut and bolt	bolt,home,improvement,nut,tool
⚙️	gear	cog,cogwheel,gear,tool
⛓	chains	chain,chains
🔫	water pistol	gun,handgun,pistol,revolver,tool,water,weapon
💣	bomb	bomb,boom,comic,dangerous,explosion,hot
🔪	kitchen knife	chef,cooking,hocho,kitchen,knife,tool,weapon
🗡	dagger	dagger,knife,weapon
⚔️	crossed swords	crossed,swords,weapon
🛡	shield	shield,weapon
🚬	cigarette	cigarette,smoking
⚰️	coffin	coffin,dead,death,vampire
🔮	crystal ball	ball,crystal,fairy,fairytale,fantasy,fortune,future,magic,tale,tool
📿	prayer beads	beads,clothing,necklace,prayer,religion
💈	barber pole	barber,cut,fresh,haircut,pole,shave
⚗️	alembic	alembic,chemistry,tool
🔭	telescope	contact,extraterrestrial,science,telescope,tool
🔬	microscope	experiment,lab,microscope,science,tool
🕳	hole	hole
💊	pill	doctor,drugs,medicated,medicine,pill,pills,sick,vitamin
💉	syringe	doctor,flu,medicine,needle,shot,sick,syringe,tool,vaccination
🌡	thermometer	thermometer,weather
🚽	toilet	bathroom,toilet
🚿	shower	shower,water
🛁	bathtub	bath,bathtub
🔑	key	key,keys,lock,major,password,unlock
🗝	old key	clue,key,lock,old
🚪	door	back,closet,door,front
🛋	couch and lamp	couch,hotel,lamp
🛏	bed	bed,hotel,sleep
🖼	framed picture	art,frame,framed,museum,painting,picture
🛍	shopping bags	bag,bags,hotel,shopping
🎁	wrapped gift	birthday,bow,box,celebration,christmas,gift,present,surprise,wrapped
🎈	balloon	balloon,birthday,celebrate,celebration
🎏	carp streamer	carp,celebration,streamer
🎀	ribbon	celebration,ribbon
🎊	confetti ball	ball,celebrate,celebration,confetti,party,woohoo
🎉	party popper	awesome,birthday,celebrate,celebration,excited,hooray,party,popper,tada,woohoo
✉️	envelope	e-mail,email,envelope,letter
📩	envelope with arrow	arrow,communication,down,e-mail,email,envelope,letter,mail,outgoing,send,sent
📨	incoming envelope	delivering,e-mail,email,envelope,incoming,letter,mail,receive,sent
📧	e-mail	e-mail,email,letter,mail
📦	package	box,communication,delivery,package,parcel,shipping
📪	closed mailbox with lowered flag	closed,flag,lowered,mail,mailbox,postbox
📫	closed mailbox with raised flag	closed,communication,flag,mail,mailbox,postbox,raised
📬	open mailbox with raised flag	flag,mail,mailbox,open,postbox,raised
📭	open mailbox with lowered flag	flag,lowered,mail,mailbox,open,postbox
📮	postbox	mail,mailbox,postbox
📝	memo	communication,media,memo,notes,pencil
✏️	pencil	pencil
🖊	pen	ballpoint,pen
🖋	fountain pen	fountain,pen
📏	straight ruler	angle,edge,math,ruler,straight,straightedge
📐	triangular ruler	angle,math,rule,ruler,set,slide,triangle,triangular
📌	pushpin	collage,pin,pushpin
📎	paperclip	paperclip
🔗	link	link,links
📚	books	book,books,education,fantasy,knowledge,library,novels,reading,school,study
📖	open book	book,education,fantasy,knowledge,library,novels,open,reading
📰	newspaper	communication,news,newspaper,paper
🗞	rolled-up newspaper	news,newspaper,paper,rolled,rolled-up
🔖	bookmark	bookmark,mark
🏷	label	label,tag
💼	briefcase	briefcase,office
📁	file folder	file,folder
📂	open file folder	file,folder,open
🗂	card index dividers	card,dividers,index
📅	calendar	calendar,date
📆	tear-off calendar	calendar,tear-off
🗓	spiral calendar	calendar,pad,spiral
📇	card index	card,index,old,rolodex,school
📈	chart increasing	chart,data,graph,growth,increasing,right,trend,up,upward
📉	chart decreasing	chart,data,decreasing,down,downward,graph,negative,trend
📊	bar chart	bar,chart,data,graph
📋	clipboard	clipboard,do,list,notes
🗒	spiral notepad	note,notepad,pad,spiral
🗃	card file box	box,card,file
🗄	file cabinet	cabinet,file,filing,paper
🔍	magnifying glass tilted left	glass,lab,left,left-pointing,magnifying,science,search,tilted,tool
🔎	magnifying glass tilted right	contact,glass,lab,magnifying,right,right-pointing,science,search,tilted,tool
🔒	locked	closed,lock,locked,private
🔓	unlocked	cracked,lock,open,unlock,unlocked
❤️	red heart	emotion,heart,love,red
🧡	orange heart	143,heart,orange
💛	yellow heart	143,cardiac,emotion,heart,ily,love,yellow
💚	green heart	143,emotion,green,heart,ily,love,romantic
💙	blue heart	143,blue,emotion,heart,ily,love,romance
💜	purple heart	143,bestest,emotion,heart,ily,love,purple
🖤	black heart	black,evil,heart,wicked
💔	broken heart	break,broken,crushed,emotion,heart,heartbroken,lonely,sad
❣️	heart exclamation	exclamation,heart,heavy,mark,punctuation
💕	two hearts	143,anniversary,date,dating,emotion,heart,hearts,ily,kisses,love,loving,two,xoxo
💞	revolving hearts	143,adorbs,anniversary,emotion,heart,hearts,revolving
💓	beating heart	143,beating,cardio,emotion,heart,heartbeat,ily,love,pulsating,pulse
💗	growing heart	143,emotion,excited,growing,heart,heartpulse,ily,kisses,muah,nervous,pulse,xoxo
💖	sparkling heart	143,emotion,excited,good,heart,ily,kisses,morning,night,sparkle,sparkling,xoxo
💘	heart with arrow	143,adorbs,arrow,cupid,date,emotion,heart,ily,love,romance,valentine
💝	heart with ribbon	143,anniversary,emotion,heart,ily,kisses,ribbon,valentine,xoxo
☮️	peace symbol	healing,peace,peaceful,symbol
✝️	latin cross	christ,Christian,cross,latin,religion
☪️	star and crescent	crescent,islam,Muslim,ramadan,religion,star
🕉	om	Hindu,om,religion
☸️	wheel of dharma	Buddhist,dharma,religion,wheel
✡️	star of David	David,Jew,Jewish,judaism,religion,star
🔯	dotted six-pointed star	dotted,fortune,jewish,judaism,six-pointed,star
🕎	menorah	candelabrum,candlestick,hanukkah,jewish,judaism,menorah,religion
☯️	yin yang	difficult,lives,religion,tao,taoist,total,yang,yin,yinyang
☦️	orthodox cross	Christian,cross,orthodox,religion
⛎	Ophiuchus	bearer,Ophiuchus,serpent,snake,zodiac
♈	Aries	Aries,horoscope,ram,zodiac
♉	Taurus	bull,horoscope,ox,Taurus,zodiac
♊	Gemini	Gemini,horoscope,twins,zodiac
♋	Cancer	Cancer,crab,horoscope,zodiac
♌	Leo	horoscope,Leo,lion,zodiac
♍	Virgo	horoscope,Virgo,zodiac
♎	Libra	balance,horoscope,justice,Libra,scales,zodiac
♏	Scorpio	horoscope,Scorpio,scorpion,Scorpius,zodiac
♐	Sagittarius	archer,horoscope,Sagittarius,zodiac
♑	Capricorn	Capricorn,goat,horoscope,zodiac
♒	Aquarius	Aquarius,bearer,horoscope,water,zodiac
♓	Pisces	fish,horoscope,Pisces,zodiac
🆔	ID button	button,ID,identity
⚛️	atom symbol	atheist,atom,symbol
🉑	Japanese “acceptable” button	acceptable,button,ideograph,Japanese
☢️	radioactive	radioactive,sign
☣️	biohazard	biohazard,sign
📴	mobile phone off	cell,mobile,off,phone,telephone
📳	vibration mode	cell,communication,mobile,mode,phone,telephone,vibration
🈶	Japanese “not free of charge” button	button,charge,free,ideograph,Japanese,not
🈚	Japanese “free of charge” button	button,charge,free,ideograph,Japanese
🈸	Japanese “application” button	application,button,ideograph,Japanese
🈺	Japanese “open for business” button	business,button,ideograph,Japanese,open
🈷️	Japanese “monthly amount” button	amount,button,ideograph,Japanese,monthly
✴️	eight-pointed star	*,eight-pointed,star
🆚	VS button	button,versus,VS
💮	white flower	flower,white
🉐	Japanese “bargain” button	bargain,button,ideograph,Japanese
㊙️	Japanese “secret” button	button,ideograph,Japanese,secret
㊗️	Japanese “congratulations” button	button,congratulations,ideograph,Japanese
🈴	Japanese “passing grade” button	button,grade,ideograph,Japanese,passing
🈵	Japanese “no vacancy” button	button,ideograph,Japanese,no,vacancy
🈹	Japanese “discount” button	button,discount,ideograph,Japanese
🈲	Japanese “prohibited” button	button,ideograph,Japanese,prohibited
🅰️	A button (blood type)	blood,button,type
🅱️	B button (blood type)	B,blood,button,type
🆎	AB button (blood type)	AB,blood,button,type
🆑	CL button	button,CL
🅾️	O button (blood type)	blood,button,O,type
🆘	SOS button	button,help,SOS
❌	cross mark	×,cancel,cross,mark,multiplication,multiply,x
⭕	hollow red circle	circle,heavy,hollow,large,o,red
🛑	stop sign	octagonal,sign,stop
⛔	no entry	do,entry,fail,forbidden,no,not,pass,prohibited,traffic
📛	name badge	badge,name
🚫	prohibited	entry,forbidden,no,not,prohibited,smoke
💯	hundred points	100,a+,agree,clearly,definitely,faithful,fleek,full,hundred,keep,perfect,point,score,TRUE,truth,yup
💢	anger symbol	anger,angry,comic,mad,symbol,upset
♨️	hot springs	hot,hotsprings,springs,steaming
🚷	no pedestrians	forbidden,no,not,pedestrian,pedestrians,prohibited
🚯	no littering	forbidden,litter,littering,no,not,prohibited
🚳	no bicycles	bicycle,bicycles,bike,forbidden,no,not,prohibited
🚱	non-potable water	dry,non-drinking,non-potable,prohibited,water
🔞	no one under eighteen	18,age,eighteen,forbidden,no,not,one,prohibited,restriction,underage
📵	no mobile phones	cell,forbidden,mobile,no,not,phone,phones,prohibited,telephone
❗	red exclamation mark	!,exclamation,mark,punctuation,red
❓	red question mark	?,mark,punctuation,question,red
❕	white exclamation mark	!,exclamation,mark,outlined,punctuation,white
❔	white question mark	?,mark,outlined,punctuation,question,white
‼️	double exclamation mark	!,!!,bangbang,double,exclamation,mark,punctuation
⁉️	exclamation question mark	!,!?,?,exclamation,interrobang,mark,punctuation,question
🔅	dim button	brightness,button,dim,low
🔆	bright button	bright,brightness,button,light
〽️	part alternation mark	alternation,mark,part
⚠️	warning	caution,warning
🚸	children crossing	child,children,crossing,pedestrian,traffic
🔱	trident emblem	anchor,emblem,poseidon,ship,tool,trident
⚜️	fleur-de-lis	fleur-de-lis,knights
🔰	Japanese symbol for beginner	beginner,chevron,green,Japanese,leaf,symbol,tool,yellow
♻️	recycling symbol	recycle,recycling,symbol
✅	check mark button	✓,button,check,checked,checkmark,complete,completed,done,fixed,mark,tick
🈯	Japanese “reserved” button	button,ideograph,Japanese,reserved
💹	chart increasing with yen	bank,chart,currency,graph,growth,increasing,market,money,rise,trend,upward,yen
❇️	sparkle	*,sparkle
✳️	eight-spoked asterisk	*,asterisk,eight-spoked
❎	cross mark button	×,button,cross,mark,multiplication,multiply,square,x
🌐	globe with meridians	earth,globe,internet,meridians,web,world,worldwide
💠	diamond with a dot	comic,diamond,dot,geometric
Ⓜ️	circled M	circle,circled,M
🌀	cyclone	cyclone,dizzy,hurricane,twister,typhoon,weather
💤	ZZZ	comic,good,goodnight,night,sleep,sleeping,sleepy,tired,zzz
🏧	ATM sign	ATM,automated,bank,cash,money,sign,teller
🚾	water closet	bathroom,closet,lavatory,restroom,toilet,water,WC
♿	wheelchair symbol	access,handicap,symbol,wheelchair
🅿️	P button	button,P,parking
🈳	Japanese “vacancy” button	button,ideograph,Japanese,vacancy
🈂️	Japanese “service charge” button	button,charge,Japanese,katakana,service
🛂	passport control	control,passport
🛃	customs	customs,packing
🛄	baggage claim	arrived,baggage,bags,case,checked,claim,journey,packing,plane,ready,travel,trip
🛅	left luggage	baggage,case,left,locker,luggage
🏳️	white flag	flag,waving,white
🏴	black flag	black,flag,waving
🏁	chequered flag	checkered,chequered,finish,flag,flags,game,race,racing,sport,win
🚩	triangular flag	construction,flag,golf,post,triangular
🏳️‍🌈	rainbow flag	bisexual,flag,gay,genderqueer,glbt,glbtq,lesbian,lgbt,lgbtq,lgbtqia,pride,queer,rainbow,trans,transgender
🇺🇸	flag: United States	flag
🇬🇧	flag: United Kingdom	flag
🇨🇦	flag: Canada	flag
🇦🇺	flag: Australia	flag
🇳🇿	flag: New Zealand	flag
🇮🇪	flag: Ireland	flag
🇫🇷	flag: France	flag
🇩🇪	flag: Germany	flag
🇪🇸	flag: Spain	flag
🇮🇹	flag: Italy	flag
🇵🇹	flag: Portugal	flag
🇳🇱	flag: Netherlands	flag
🇧🇪	flag: Belgium	flag
🇨🇭	flag: Switzerland	flag
🇦🇹	flag: Austria	flag
🇸🇪	flag: Sweden	flag
🇳🇴	flag: Norway	flag
🇩🇰	flag: Denmark	flag
🇫🇮	flag: Finland	flag
🇮🇸	flag: Iceland	flag
🇵🇱	flag: Poland	flag
🇨🇿	flag: Czechia	flag
🇬🇷	flag: Greece	flag
🇹🇷	flag: Türkiye	flag
🇷🇺	flag: Russia	flag
🇺🇦	flag: Ukraine	flag
🇯🇵	flag: Japan	flag
🇰🇷	flag: South Korea	flag
🇨🇳	flag: China	flag
🇮🇳	flag: India	flag
🇧🇷	flag: Brazil	flag
🇲🇽	flag: Mexico	flag
🇦🇷	flag: Argentina	flag
🇿🇦	flag: South Africa	flag
🇳🇬	flag: Nigeria	flag
🇰🇪	flag: Kenya	flag
🇪🇬	flag: Egypt	flag
🇮🇱	flag: Israel	flag
🇸🇦	flag: Saudi Arabia	flag
🇦🇪	flag: United Arab Emirates	flag
🇸🇬	flag: Singapore	flag
🇹🇭	flag: Thailand	flag
🇻🇳	flag: Vietnam	flag
🇵🇭	flag: Philippines	flag
🇮🇩	flag: Indonesia	flag
