😀	cara sonriendo	cara,cara sonriendo,divertido,feliz,sonrisa
😃	cara sonriendo con ojos grandes	cara,cara sonriendo con ojos grandes,divertido,risa,sonriendo
😄	cara sonriendo con ojos sonrientes	abierta,cara,cara sonriendo con ojos sonrientes,ojo,sonrisa
😁	cara radiante con ojos sonrientes	cara,cara radiante con ojos sonrientes,ojo,risa,sonrisa
😆	cara sonriendo con los ojos cerrados	abierta,boca,cara,cara sonriendo con los ojos cerrados,risa
😅	cara sonriendo con sudor frío	cara,cara sonriendo con sudor frío,frío,risa,sudor
😂	cara llorando de risa	cara,cara llorando de risa,felicidad,lágrima,risa
🙂	cara sonriendo ligeramente	cara,cara sonriendo ligeramente,sonrisa
🙃	cara al revés	cara,cara al revés,revés
😉	cara guiñando el ojo	cara,cara guiñando el ojo,guiño
😊	cara feliz con ojos sonrientes	cara,cara feliz con ojos sonrientes,ojo,rubor,sonrisa
😇	cara sonriendo con aureola	ángel,cara,cara sonriendo con aureola,halo,sonrisa
🥰	cara sonriendo con corazones	adorar,amor,cara sonriendo con corazones,corazones,enamorada,enamorado
😍	cara sonriendo con ojos de corazón	amor,cara,cara sonriendo con ojos de corazón,corazón,sonrisa
😘	cara lanzando un beso	beso,cara,cara lanzando un beso
😗	cara besando	beso,cara,cara besando
😚	cara besando con los ojos cerrados	beso,cara,cara besando con los ojos cerrados,cerrado,ojo
😋	cara saboreando comida	cara,cara saboreando comida,delicioso,hambre,rico
😜	cara sacando la lengua y guiñando un ojo	cara,cara sacando la lengua y guiñando un ojo,guiño,lengua,ojo
🤪	cara de loco	cara de loco,grande,ojo,pequeño
😝	cara con ojos cerrados y lengua fuera	cara,cara con ojos cerrados y lengua fuera,lengua,ojo,sabor
🤗	cara con manos abrazando	abrazo,cara,cara con manos abrazando,sonrisa
🤔	cara pensativa	cara,cara pensativa,duda,pensando
🤐	cara con la boca cerrada con cremallera	boca,cara,cara con la boca cerrada con cremallera,cremallera
😐	cara neutral	cara,inexpresivo,neutral
😑	cara sin expresión	cara,cara sin expresión,inexpresión,inexpresiva,inexpresivo
😶	cara sin boca	boca,callado,cara,cara sin boca,silencio
😏	cara sonriendo con superioridad	cara,cara sonriendo con superioridad,listillo,superioridad
😒	cara de desaprobación	cara,cara de desaprobación,insatisfacción,rechazo
🙄	cara con ojos en blanco	cara,cara con ojos en blanco,frustración,ojos,vueltos
😬	cara haciendo una mueca	cara,cara haciendo una mueca,mueca
😌	cara de alivio	aliviado,cara,cara de alivio
😔	cara desanimada	alicaído,cara,cara desanimada,desanimado,pensativo
😪	cara de sueño	cara,cara de sueño,dormir,sueño
😴	cara durmiendo	cara,cara durmiendo,dormido,sueño,zzz
😷	cara con mascarilla médica	cara,cara con mascarilla médica,enfermo,malo,máscara
🤒	cara con termómetro	cara,cara con termómetro,enfermo,malo,termómetro
🤕	cara con la cabeza vendada	cara,cara con la cabeza vendada,dolor,herida,venda
🤧	cara estornudando	cara,cara estornudando,estornudar,estornudo,pañuelo
🥵	cara con calor	calor,cara con calor,cara roja,fiebre,golpe de calor,sudor
🥶	cara con frío	cara con frío,cara congelada,congelado,frío,helado
😵	cara mareada	cara,cara mareada,mareo
🤯	cabeza explotando	cabeza,cabeza explotando,explosión
🤠	cara con sombrero de vaquero	cara,cara con sombrero de vaquero,sombrero,vaquera,vaquero
😎	cara sonriendo con gafas de sol	cara,cara sonriendo con gafas de sol,gafas,guay,sol
🤓	cara de empollón	cara,cara de empollón,empollón,friki,friqui
😕	cara de confusión	cara,cara de confusión,confuso
😟	cara preocupada	cara,cara preocupada,preocupación,preocupado
🙁	cara con el ceño ligeramente fruncido	cara,cara con el ceño ligeramente fruncido,ceño,fruncido
😮	cara con la boca abierta	boca,cara,cara con la boca abierta
😯	cara estupefacta	alucinado,cara,cara estupefacta,estupefacto,sorprendido
😲	cara asombrada	alucinado,asombrado,cara,cara asombrada,pasmado
😳	cara sonrojada	cara,cara sonrojada,colorado,sonrojado
😦	cara con el ceño fruncido y la boca abierta	boca abierta,cara,cara con el ceño fruncido y la boca abierta,ceño fruncido con boca abierta
😨	cara asustada	asustado,cara,cara asustada,miedo,miedoso
😰	cara con ansiedad y sudor	ansiedad,cara,cara con ansiedad y sudor,frío,sudor
😥	cara triste pero aliviada	aliviado,cara,cara triste pero aliviada,decepcionado,menos mal
😢	cara llorando	cara,cara llorando,lágrima,llorar,triste
😭	cara llorando fuerte	cara,cara llorando fuerte,lágrima,llorar,triste
😱	cara gritando de miedo	asustado,cara,cara gritando de miedo,miedo,pánico
😖	cara de frustración	cara,cara de frustración,frustrado
😣	cara desesperada	cara,cara desesperada,desesperación,frustración
😞	cara decepcionada	cara,cara decepcionada,decepción,decepcionado
😓	cara con sudor frío	cara,cara con sudor frío,frío,sudor
😩	cara agotada	agotado,cansado,cara,cara agotada
😫	cara cansada	cansado,cara,cara cansada
😤	cara resoplando	cabreo,cara,cara resoplando,enfado
😡	cara cabreada	cabreo,cara,cara cabreada,enfadado,furia
😠	cara enfadada	cara,cara enfadada,enfadado,histérico
🤬	cara con símbolos en la boca	cara con símbolos en la boca,maldecir,palabrota,símbolo
😈	cara sonriendo con cuernos	cara,cara sonriendo con cuernos,cuernos,demonio,sonrisa
💀	calavera	calavera,cara,cuento,monstruo,muerte
💩	caca con ojos	caca,caca con ojos,cómic,mierda,mojón
🤡	cara de payaso	cara,cara de payaso,payaso
👹	demonio japonés oni	cara,cuento,cuernos,demonio japonés oni,sonrisa
👻	fantasma	cara,criatura,cuento,fantasma,monstruo
👽	alienígena	alien,alienígena,cara,criatura,extraterrestre,ovni
🤖	robot	cara,monstruo,robot
👋	mano saludando	agitar,mano,mano saludando,saludar,saludo
🤚	dorso de la mano	dorso,dorso de la mano,levantado,mano
✋	mano levantada	choca esos cinco,levantada,mano
👌	señal de aprobación con la mano	aprobación,mano,ok,señal de aprobación con la mano
✌️	mano con señal de victoria	mano,mano con señal de victoria,señal de victoria,victoria
🤞	dedos cruzados	cruzar,dedos,dedos cruzados,mano,suerte
🤟	gesto de te quiero	gesto de te quiero,mano,quiero
🤘	mano haciendo el signo de cuernos	cuernos,dedo,mano,mano haciendo el signo de cuernos,rock
👈	dorso de mano con índice a la izquierda	dedo,dorso de mano con índice a la izquierda,índice,izquierda,mano
👉	dorso de mano con índice a la derecha	dedo,derecha,dorso de mano con índice a la derecha,índice,mano
👆	dorso de mano con índice hacia arriba	apuntar,arriba,dedo,dorso de mano con índice hacia arriba,mano
👇	dorso de mano con índice hacia abajo	abajo,apuntar,dedo,dorso de mano con índice hacia abajo,mano
👍	pulgar hacia arriba	arriba,mano,pulgar,pulgar hacia arriba,señal
👎	pulgar hacia abajo	abajo,mano,pulgar,pulgar hacia abajo,señal
✊	puño en alto	cerrado,mano,puñetazo,puño,puño en alto
👊	puño cerrado	puñetazo,puño,puño cerrado
👏	manos aplaudiendo	aplaudir,manos,manos aplaudiendo,palmas,señal
🙌	manos levantadas celebrando	celebración,gesto,hurra,mano,manos levantadas celebrando
🙏	manos en oración	gracias,mano,manos en oración,oración,orar,por favor,rezar
💪	bíceps flexionado	bíceps,cómic,flexionado,fuerte,músculo
🦵	pierna	extremidad,patada,pierna
👀	ojos	cara,ojos
👣	huellas de pies	huellas,huellas de pies,pies
👶	bebé	bebé,joven,niño
🧒	infante	crío,género,infante,joven,neutro
👦	niño	joven,niño
👧	niña	chica,joven,niña
🧑	persona adulta	género,neutro,persona adulta
👨	hombre	adulto,hombre
👩	mujer	adulta,mujer
🧓	persona mayor	adulto,género neutro,género no especificado,maduro,mayor,persona mayor
🙋	persona con la mano levantada	feliz,gesto,levantar,mano,persona con la mano levantada
🤦	persona con la mano en la frente	facepalm,frente,incredulidad,mano,persona con la mano en la frente
🤷	persona encogida de hombros	duda,encogerse,hombros,indiferencia,persona encogida de hombros
💁	persona de mostrador de información	información,mano,mostrador,persona,persona de mostrador de información
🙇	persona haciendo una reverencia	disculpa,gesto,perdón,persona haciendo una reverencia,reverencia
💃	mujer bailando	bailar,mujer,mujer bailando
🕺	hombre bailando	bailar,hombre,hombre bailando
👪	familia	familia
🐶	cara de perro	cara,cara de perro,mascota,perro
🐱	cara de gato	cara,cara de gato,gato,mascota
🐭	cara de ratón	cara,cara de ratón,ratón
🐹	hámster	cara,hámster,mascota
🐰	cara de conejo	cara,cara de conejo,conejo,mascota
🦊	zorro	cara,zorro
🐻	oso	cara,oso
🐼	panda	cara,oso panda,panda
🐨	koala	cara,koala,marsupial
🐯	cara de tigre	cara,cara de tigre,tigre
🦁	león	cara,leo,león,zodiaco
🐮	cara de vaca	cara,cara de vaca,vaca
🐷	cara de cerdo	cara,cara de cerdo,cerdo,gorrino
🐽	nariz de cerdo	cara,cerdo,morro,nariz,nariz de cerdo
🐸	rana	cara,rana
🐵	cara de mono	cara,cara de mono,mono
🙈	mono con los ojos tapados	cara,mal,mono,mono con los ojos tapados,prohibido
🙉	mono con los oídos tapados	cara,mal,mono,mono con los oídos tapados,prohibido
🙊	mono con la boca tapada	cara,mal,mono,mono con la boca tapada,prohibido
🐒	mono	macaco,mono,simio
🐔	gallina	ave,gallina,gallinácea,pollo
🐧	pingüino	ave,pingüino
🐦	pájaro	ave,pajarillo,pájaro
🐤	pollito	ave,pollito,pollo,polluelo
🦆	pato	ave,pato
🦅	águila	águila,ave
🦉	búho	ave,búho,lechuza,pájaro
🦇	murciélago	murciélago,vampiro
🐺	lobo	cara,lobo
🐗	jabalí	cerdo salvaje,jabalí
🐴	cara de caballo	caballo,cara,cara de caballo
🦄	unicornio	cara,unicornio
🐝	abeja	abeja,insecto,miel
🐛	bicho	bicho,gusano,insecto
🦋	mariposa	bonito,insecto,mariposa
🐌	caracol	caracol,caracola,molusco
🐞	mariquita	cochinilla,insecto,mariquita
🐜	hormiga	antenas,hormiga,insecto
🕷	araña	araña,insecto
🦂	escorpión	escorpio,escorpión,zodiaco
🐢	tortuga	galápago,tortuga
🐍	serpiente	culebra,reptil,serpiente,víbora
🦎	lagarto	lagartija,lagarto,reptil
🐙	pulpo	cefalópodo,octópodo,pulpo
🦑	calamar	calamar,comida,molusco
🦐	gamba	camarón,comida,gamba,langostino,marisco
🦀	cangrejo	animal,cáncer,cangrejo,zodiaco
🐡	pez globo	globo,pez
🐠	pez tropical	pez,tropical
🐟	pez	pececillo,pescado,pez,piscis,zodiaco
🐬	delfín	cetáceo,delfín
🐳	ballena soltando un chorro	ballena,ballena soltando un chorro,chorro de agua
🐋	ballena	ballena,cachalote,cetáceo
🦈	tiburón	pez,tiburón
🐊	cocodrilo	caimán,cocodrilo
🐅	tigre	felino,tigre
🐆	leopardo	felino,leopardo
🦓	cebra	cebra,raya
🦍	gorila	gorila,primate,simio
🐘	elefante	elefante,paquidermo
🦏	rinoceronte	paquidermo,rinoceronte
🐪	dromedario	camello,desierto,dromedario,joroba
🐫	camello	bactriano,camello,desierto,dromedario,jorobas
🦒	jirafa	jirafa,manchas
🐃	búfalo de agua	agua,búfalo,búfalo de agua
🐄	vaca	bovino,res,vaca
🐎	caballo	caballo,caballo de carreras,carreras de caballos,ecuestre
🐖	cerdo	cerdo,cochino,gorrino,puerco
🐏	carnero	aries,carnero,morueco,zodiaco
🐑	oveja	borrego,cordero,oveja,ovino
🐐	cabra	cabra,capricornio,caprino,chivo,zodiaco
🦌	ciervo	bambi,cervatillo,ciervo
🐕	perro	cachorro,perrete,perrito,perro
🐩	caniche	caniche,perrito,perro
🐈	gato	gatete,gato,minino
🐓	gallo	ave,gallina,gallinácea,gallo,pollo
🦃	pavo	ave,pavo
🕊	paloma	ave,pájaro,paloma,paz
🐇	conejo	conejito,conejo,gazapo
🐁	ratón	ratón,roedor
🐀	rata	rata,roedor
🐿	ardilla	ardilla
🌵	cactus	cactus,planta
🎄	árbol de Navidad	abeto de Navidad,árbol,árbol de Navidad,celebración,Navidad
🌲	árbol de hoja perenne	árbol,árbol de hoja perenne,hoja perenne,perenne
🌳	árbol de hoja caduca	árbol,árbol de hoja caduca,caducifolio,hoja caduca
🌴	palmera	árbol,árbol de palma,palmera
🌱	planta joven	planta joven,plantón
🌿	hierba	hierba,hoja,verde
☘️	trébol	planta,trébol
🍀	trébol de cuatro hojas	suerte,trébol,trébol de cuatro hojas
🍁	hoja de arce	arce,hoja,hoja de arce
🍂	hojas caídas	caída,hojas,hojas caídas
🍃	hojas revoloteando al viento	hoja,hojas revoloteando al viento,revolotear,soplar,viento
🌺	flor de hibisco	flor,flor de hibisco,hibisco
🌸	flor de cerezo	cerezo,flor,flor de cerezo
🌼	flor	flor
🌻	girasol	flor,girasol,sol
🌞	sol con cara	brillante,cara,sol,sol con cara
🌝	luna llena con cara	cara,llena,luna,luna llena con cara
🌛	luna de cuarto creciente con cara	cara,creciente,cuarto,espacio,luna,luna de cuarto creciente con cara
⭐	estrella	estelar,estrella
🌟	estrella brillante	brillante,estrella,resplandeciente
✨	chispas	*,bengala,chispas,estrellas
⚡	alto voltaje	alto voltaje,electricidad,peligro,peligro de alto voltaje,señal de alto voltaje,voltaje
🔥	fuego	fuego,llama
🌈	arcoíris	arcoíris,colores,lluvia
☁️	nube	nube,tiempo
❄️	copo de nieve	copo de nieve,frío,nieve
💧	gota	agua,cómic,gota,sudor
🌊	ola de mar	mar,océano,ola,ola de mar
🍏	manzana verde	fruta,manzana,poma,verde
🍎	manzana roja	fruta,manzana,poma,roja
🍐	pera	fruta,pera,perilla
🍊	mandarina	fruta,mandarina,naranja
🍋	limón	cítrico,citrón,fruta,limón
🍌	plátano	banana,fruta,plátano
🍉	sandía	fruta,sandía
🍇	uvas	agracejo,fruta,racimo,uva,uvas
🍓	fresa	fresa,fresón,fruta
🍈	melón	fruta,melón
🍒	cerezas	cereza,cerezas,fruta,guindas
🍑	melocotón	durazno,fruta,melocotón
🍍	piña	ananás,fruta,piña
🥥	coco	coco,palmera,piña colada
🥝	kiwi	comida,fruta,kiwi
🍅	tomate	ensalada,fruta,tomate,verdura
🥑	aguacate	aguacate,comida,fruta
🍆	berenjena	berenjena,fruto,verdura
🥔	patata	comida,papa,patata,verdura
🥕	zanahoria	comida,verdura,zanahoria
🌽	espiga de maíz	espiga,espiga de maíz,maíz,mazorca,mijo
🌶	chile picante	chile,picante,planta
🥒	pepino	comida,pepinillo,pepino,verdura
🥦	brócoli	brócoli,col,repollo
🍄	champiñón	champiñón,hongo,seta
🥜	cacahuetes	cacahuete,cacahuetes,comida,fruto seco,verdura
🌰	castaña	castaña,castaño,fruto seco
🍞	pan de molde	pan,pan de molde,rebanada,tostada
🥐	cruasán	bollo,comida,croissant,cruasán,francés
🥖	baguete	baguete,baguette,barra,comida,francés,pan
🥨	bretzel	bretzel,galleta salada,pretzel
🧀	cuña de queso	cuña,cuña de queso,queso,trozo
🥚	huevo	comida,huevo
🍳	cocinar	cocinar,freír,huevo,sartén
🥞	tortitas	comida,dulce,pancakes,postre,tortita,tortitas
🥓	beicon	bacon,beicon,carne,comida,panceta
🥩	corte de carne	carne,chuleta,corte de carne,filete
🍗	muslo de pollo	muslo,muslo de pollo,pollo,restaurante
🍖	carne con hueso	carne,carne con hueso,hueso,restaurante
🌭	perrito caliente	perrito,perrito caliente,salchicha
🍔	hamburguesa	burger,hamburguesa
🍟	patatas fritas	papas fritas,patatas,patatas fritas,restaurante
🍕	pizza	pizza,porción,restaurante
🥪	sándwich	bocadillo,bocata,emparedado,sándwich
🌮	taco	comida,mexicano,taco
🌯	burrito	burrito,comida,mexicano,tex mex,wrap
🥗	ensalada	bol,comida,ensalada,verde
🥘	paella	arroz,comida,paella
🍝	espagueti	espagueti,pasta,restaurante
🍜	tazón de fideos	fideos calientes,fideos chinos,fideos ramen,ramen,tazón de fideos
🍲	olla de comida	comida de olla,olla de comida,puchero,restaurante
🍛	arroz con curry	arroz,arroz con curry,curry,restaurante
🍣	sushi	restaurante,sushi
🍱	caja de bento	bento,caja,caja de bento,comida,restaurante
🥟	dumpling	comida,dumpling,gyōza,jiaozi,masa
🍤	gamba frita	frito,gamba,gamba frita,restaurante
🍙	bola de arroz	arroz,bola de arroz,japonés,onigiri,restaurante
🍚	arroz cocido	arroz,arroz cocido,restaurante
🍘	galleta de arroz	arroz,galleta,galleta de arroz
🍥	pastel de pescado japonés	comida japonesa,pastel,pastel de pescado japonés,pescado
🍡	dango	dango,japonés,pincho,postre,restaurante
🍦	cucurucho de helado	cucurucho,cucurucho de helado,dulce,helado,helado de cucurucho,restaurante
🍰	trozo de tarta	pedazo de tarta,restaurante,tarta,trozo de tarta
🎂	tarta de cumpleaños	celebración,cumpleaños,tarta,tarta de cumpleaños
🍮	flan	dulce,flan,postre,pudding
🍭	piruleta	chuche,chuchería,dulce,golosina,piruleta
🍬	caramelo	caramelo,chuche,chuchería,dulce,golosina
🍫	tableta de chocolate	barra,chocolate,restaurante,tableta,tableta de chocolate
🍿	palomitas	maíz,palomitas
🍩	dónut	berlina,dónut,pastel,rosquilla
🍪	galleta	dulce,galleta,pasta,postre
☕	bebida caliente	bebida,café,caliente,té
🍵	tazón de té	bebida,taza,tazón de té,té
🥤	vaso con pajita	refresco,vaso con pajita,zumo
🍶	sake	bar,bebida,botella,restaurante,sake,tazón
🍺	jarra de cerveza	bar,cerveza,jarra,jarra de cerveza,restaurante
🍻	jarras de cerveza brindando	bar,cerveza,jarra,jarras,jarras de cerveza brindando,restaurante
🥂	copas brindando	bebida,brindar,brindis,celebración,copa,copas brindando
🍷	copa de vino	bar,bebida,copa,copa de vino,vaso,vino
🥃	vaso de whisky	chupito,copa,licor,vaso,vaso de whisky,whisky
🍸	copa de cóctel	bar,cóctel,copa,copa de cóctel,restaurante
🍹	bebida tropical	bar,bebida,restaurante,tropical
🍾	botella descorchada	bar,beber,botella,botella descorchada,cava,corcho
🥄	cuchara	cubiertos,cuchara,cucharilla
🍴	tenedor y cuchillo	cuchillo,restaurante,tenedor,tenedor y cuchillo
🍽	cuchillo y tenedor con un plato	cuchillo,cuchillo y tenedor con un plato,plato,restaurante,tenedor
🥢	palillos	cubiertos,hashi,palillos
⚽	balón de fútbol	balón,balón de fútbol,fútbol
🏀	balón de baloncesto	balón,balón de baloncesto,canasta,deporte
🏈	balón de fútbol americano	balón,balón de fútbol americano,deporte,fútbol americano
⚾	béisbol	balón,baseball,béisbol,pelota
🎾	pelota de tenis	deporte,pelota,pelota de tenis,tenis
🏐	pelota de voleibol	balón,juego,pelota,pelota de voleibol,voleibol
🏉	balón de rugby	balón,balón de rugby,deporte,rugby
🎱	bola negra de billar	8,billar,bola negra de billar,bola ocho,juego
🏓	tenis de mesa	juego,mesa,pelota,ping pong,tenis de mesa
🏸	bádminton	bádminton,pluma,raqueta,volante
🥅	portería	deporte,portería,red
🏒	hockey sobre hielo	disco,hielo,hockey,hockey sobre hielo,palo
🏑	hockey sobre hierba	hierba,hockey,hockey sobre hierba,juego,palo,pelota
🏏	críquet	críquet,juego,pelota
⛳	banderín en hoyo	banderín,banderín en hoyo,golf,hoyo
🏹	arco y flecha	arco,arco y flecha,arquero,flecha,sagitario,zodiaco
🎣	caña de pescar	caña,caña de pescar,entretenimiento,esparcimiento,pesca,pez
🥊	guante de boxeo	boxeo,deporte,guante,guante de boxeo
🥋	uniforme de artes marciales	artes marciales,judo,kárate,taekwondo,uniforme de artes marciales
⛸	patín de hielo	hielo,patín,patín de hielo
🎿	esquís	esquí,esquíes,esquís,nieve
⛷	persona esquiando	esquí,esquiador,nieve,persona esquiando
🏂	practicante de snowboard	nieve,practicante de snowboard,snowboard
🏋️	persona levantando pesas	halterofilia,levantador,persona levantando pesas,pesas,peso
🤼	personas luchando	lucha,luchador,personas luchando
🤸	persona haciendo voltereta lateral	acrobacia,gimnasia,persona haciendo voltereta lateral,pirueta,rueda,voltereta
⛹️	persona botando un balón	balón,botar,pelota,persona botando un balón
🤺	persona haciendo esgrima	esgrima,esgrimista,espada,persona haciendo esgrima
🤾	persona jugando al balonmano	balonmanista,balonmano,persona jugando al balonmano
🏌️	persona jugando al golf	golf,golfista,pelota,persona jugando al golf
🏇	carrera de caballos	caballo,caballo de carreras,carrera de caballos,carreras,jinete
🧘	persona en posición de loto	meditación,persona en posición de loto,yoga
🏄	persona haciendo surf	persona haciendo surf,surf,surfear
🏊	persona nadando	nadar,natación,persona nadando
🤽	persona jugando al waterpolo	persona jugando al waterpolo,waterpolista,waterpolo
🚣	persona remando en un bote	barca,bote,persona remando en un bote,remo
🧗	persona escalando	alpinista,escalador,persona escalando
🚴	persona en bicicleta	bicicleta,ciclismo,ciclista,persona en bicicleta
🚵	persona en bicicleta de montaña	bicicleta,ciclista,montaña,mountain bike,persona en bicicleta de montaña
🎪	carpa de circo	carpa,carpa de circo,circo,entretenimiento
🎭	máscaras de teatro	actuación,arte,artes escénicas,entretenimiento,máscaras de teatro
🎨	paleta de pintor	arte,artista,paleta,paleta de pintor,pintura
🎬	claqueta	cine,claqueta,claqueta de cine,entretenimiento,película
🎤	micrófono	entretenimiento,karaoke,micro,micrófono
🎧	auricular	auricular,cascos
🎼	pentagrama	música,partitura,pentagrama
🎹	teclado musical	instrumento,instrumento musical,música,piano,teclado,teclado musical
🥁	tambor	baquetas,música,tambor
🎷	saxofón	instrumento,instrumento musical,música,saxo,saxofón
🎺	trompeta	instrumento,instrumento musical,música,trompeta
🎸	guitarra	guitarra,instrumento,instrumento musical,música
🎻	violín	instrumento,instrumento musical,música,violín
🎲	dado	dado,juego
🎯	diana	blanco,diana,en el blanco,juego
🎳	bolos	bola,bola de bolos,bolos,juego
🎮	mando de videoconsola	juego,mando,mando de videoconsola,videojuego
🎰	máquina tragaperras	juego,máquina,máquina tragaperras
🧩	pieza de puzle	conectar,pieza,pieza de puzle,pista,puzle,rompecabezas
🏆	trofeo	premio,trofeo
🥇	medalla de oro	medalla,medalla de oro,oro,primero
🥈	medalla de plata	medalla,medalla de plata,plata,segundo
🥉	medalla de bronce	bronce,medalla,medalla de bronce,tercero
🏅	medalla deportiva	medalla,medalla deportiva,premio
🎖	medalla militar	celebración,medalla,militar
🎗	lazo conmemorativo	conmemorativo,lazo
🎫	tique	acceso,admisión,tique
🎟	entradas	acceso,admisión,entrada,entradas,evento
🚗	coche	automóvil,coche,vehículo
🚕	taxi	coche,taxi,vehículo
🚙	vehículo deportivo utilitario	camping,caravana,furgoneta,vacaciones,vehículo,vehículo deportivo utilitario
🚌	autobús	autobús,bus,transporte
🚎	trolebús	transporte,tranvía,trolebús
🏎	coche de carreras	carreras,coche,coche de carreras
🚓	coche de policía	coche de policía,coche patrulla,policía,vehículo
🚑	ambulancia	ambulancia,asistencia médica,transporte,vehículo
🚒	coche de bomberos	camión,camión de bomberos,coche de bomberos,fuego,vehículo
🚐	minibús	autobús,bus,minibús,transporte
🚚	camión de reparto	camión de reparto,mercancías,reparto,transporte,vehículo
🚛	camión articulado	camión,camión articulado,tráiler,vehículo
🚜	tractor	agricultura,tractor,vehículo
🛴	patinete	patinete
🚲	bicicleta	bici,bicicleta,vehículo
🛵	scooter	escúter,moto,scooter
🏍	moto	carreras,moto,motocicleta,vehículo
🚨	luces de policía	coche de policía,luces,luces de policía,policía
🚔	coche de policía próximo	coche de policía próximo,coche patrulla,policía,próximo,vehículo
🚍	autobús próximo	autobús,próximo,vehículo
🚘	coche próximo	automóvil,coche,próximo,vehículo
🚖	taxi próximo	taxi,taxi próximo,vehículo
🚡	teleférico	aéreo,teleférico,tranvía,vehículo
🚠	teleférico de montaña	cable,funicular,montaña,teleférico,teleférico de montaña,vehículo
🚟	ferrocarril de suspensión	ferrocarril,ferrocarril de suspensión,suspensión,vehículo
🚃	vagón	ferrocarril,tranvía,tren eléctrico,vagón,vehículo
🚋	vagón de tranvía	tranvía,vagón,vagón de tranvía,vehículo
🚞	ferrocarril de montaña	ferrocarril,ferrocarril de montaña,montaña,vehículo
🚝	monorraíl	ferrocarril,monocarril,monorraíl,transporte,tren
🚄	tren de alta velocidad	AVE,ferrocarril,rápido,tren,tren de alta velocidad,velocidad
🚅	tren bala	bala,shinkansen,tren,vehículo,velocidad
🚈	tren ligero	ferrocarril,transporte,tren,tren ligero
🚂	locomotora de vapor	locomotora,locomotora de vapor,tren,vehículo
🚆	tren	ferrocarril,tren,vehículo
🚇	metro	metro,subterráneo,suburbano,transporte
🚊	tranvía	transporte,tranvía,trolebús
🚉	estación de tren	estación,estación de tren,tren
✈️	avión	aeroplano,avión
🛫	avión despegando	aeroplano,avión,avión despegando,salida
🛬	avión aterrizando	aeroplano,avión,avión aterrizando,llegada
🚀	cohete	cohete,espacio,vehículo
🛸	platillo volante	ovni,platillo volante
🚁	helicóptero	aspas,helicóptero,rotores,vehículo,volar
🛶	canoa	barca,barco,canoa,piragua
⛵	velero	barco,barco de vela,velero,yate
🚤	lancha motora	barco,lancha motora,vehículo
🛳	barco de pasajeros	barco,barco de pasajeros,pasajeros,vehículo
⛴	ferri	barco,ferri,ferry
🚢	barco	barco,vehículo
⚓	ancla	ancla,barco,gancho
🚧	obras	construcción,obras,señal,señal de obras
⛽	surtidor de gasolina	bomba de gasolina,combustible,gasolina,surtidor,surtidor de gasolina
🗺	mapa mundial	mapa,mapa mundial,mapamundi,mundo
🗿	estatua moái	estatua,moái,Pascua
🗽	Estatua de la Libertad	estatua,Estatua de la Libertad,libertad,nueva,ny,nyc,york
🗼	Torre de Tokio	Tokio,torre,Torre de Tokio
🏰	castillo europeo	castillo,castillo europeo,construcción
🏯	castillo japonés	castillo,castillo japonés,construcción
🏟	estadio	estadio
🎡	noria de feria	atracciones,entretenimiento,feria,noria,noria de feria
🎢	montaña rusa	atracciones,entretenimiento,feria,montaña rusa,parque
🎠	caballo de tiovivo	caballo,caballo de tiovivo,entretenimiento,tiovivo
⛲	fuente	fuente
⛱	sombrilla en la arena	arena,sol,sombrilla,sombrilla en la arena
🏖	playa y sombrilla	playa,playa y sombrilla,sombrilla
🏝	isla desierta	desierta,isla
🏜	desierto	arena,desierto
🌋	volcán	erupción,erupción volcánica,volcán
⛰	montaña	montaña,monte
🏔	montaña con nieve	frío,montaña,montaña con nieve,nieve
🗻	monte Fuji	Fuji,montaña,monte,naturaleza
🏕	camping	acampada,campamento,camping,vacaciones
⛺	tienda de campaña	campaña,camping,tienda,tienda de campaña,vacaciones
🏠	casa	casa,vivienda
🏡	casa con jardín	casa,casa con jardín,construcción,jardín,vivienda
🏘	casas	casas,edificio,urbanización
🏢	edificio de oficinas	construcción,edificio,edificio de oficinas,oficinas
🏣	oficina de correos japonesa	correos,edificio,japón,oficina de correos,oficina de correos japonesa
🏥	hospital	doctor,edificio,hospital,medicina,médico
🏦	banco	banca,banco,edificio
🏨	hotel	alojamiento,edificio,hotel,turismo
🏪	tienda 24 horas	edificio,establecimiento,tienda 24 horas,tienda de comestibles
🏫	colegio	colegio,edificio,escuela
🏬	grandes almacenes	comercio,grandes almacenes
🏭	fábrica	edificio,fábrica,industria
⛪	iglesia	cristianismo,cruz,edificio,iglesia,religión
🕌	mezquita	islam,mezquita,religión
🕍	sinagoga	judaísmo,religión,sinagoga
🌃	noche estrellada	estrellas,noche,noche estrellada
🌆	ciudad al atardecer	atardecer,ciudad,ciudad al atardecer,edificios,paisaje
🌇	puesta del sol	edificios,puesta del sol
🌉	puente de noche	noche,puente,puente de noche
🌌	Vía Láctea	espacio,galaxia,láctea,vía
🌁	bruma	bruma,niebla
⌚	reloj	reloj
📱	teléfono móvil	celular,móvil,teléfono
💻	ordenador portátil	ordenador,ordenador portátil,pc,personal
⌨️	teclado	ordenador,teclado
🖥	ordenador de sobremesa	ordenador,ordenador de sobremesa,sobremesa
🖨	impresora	impresora,ordenador
🖱	ratón de ordenador	ordenador,ratón,ratón de ordenador
💽	minidisc	disco,md,minidisc
💾	disquete	disco,disco de 3 1/2,disquete
💿	disco óptico	cd,disco,disco óptico
📷	cámara de fotos	cámara,cámara de fotos
📸	cámara con flash	cámara,cámara con flash,flash
📹	videocámara	cámara,vídeo,videocámara
🎥	cámara de cine	cámara,cámara de cine,cine,entretenimiento,película
📞	auricular de teléfono	auricular de teléfono,comunicación,teléfono
☎️	teléfono	teléfono
📟	busca	busca,comunicación,localizador
📠	máquina de fax	comunicación,fax,máquina de fax
📺	televisión	televisión,tv
📻	radio	radio
🎙	micrófono de estudio	estudio,micrófono,micrófono de estudio,música
⏱	cronómetro	cronómetro,reloj
⏲	temporizador	reloj,temporizador
⏰	reloj despertador	alarma,despertador,reloj
🕰	reloj de sobremesa	reloj,reloj de sobremesa,sobremesa
⌛	reloj de arena sin tiempo	arena,reloj,reloj de arena sin tiempo,temporizador
⏳	reloj de arena con tiempo	reloj con arena cayendo,reloj de arena con tiempo,temporizador
📡	antena de satélite	antena,antena de satélite,comunicación,satélite
🔋	pila	batería,pila
🔌	enchufe eléctrico	corriente,electricidad,eléctrico,enchufe
💡	bombilla	bombilla,cómic,electricidad,idea,luz
🔦	linterna	linterna,luz
🕯	vela	luz,vela
🗑	papelera	basura,cubo,papelera
🛢	barril de petróleo	barril,barril de petróleo,bidón,petróleo
💸	billete con alas	billete,billete con alas,billete de banco,dinero,dinero con alas
💵	billete de dólar	billete,billete de banco,billete de dólar,dinero,dólar
💴	billete de yen	billete,billete de banco,billete de yen,dinero,yen
💶	billete de euro	billete,billete de banco,billete de euro,dinero,euro
💷	billete de libra	billete de banco,billete de libra,dinero,libra
💰	bolsa de dinero	bolsa,bolsa de dinero,bolsa de dólares,dinero
💳	tarjeta de crédito	crédito,tarjeta,tarjeta de crédito
💎	piedra preciosa	diamante,gema,joya,piedra,preciosa
⚖️	balanza	balanza,justicia,libra,peso,zodiaco
🔧	llave inglesa	herramienta,llave inglesa
🔨	martillo	herramienta,martillo
⚒	martillo y pico	herramienta,martillo,martillo y pico,pico
🛠	martillo y llave inglesa	herramienta,llave inglesa,martillo,martillo y llave inglesa
⛏	pico	herramienta,mina,pico
🔩	tornillo y tuerca	herramienta,tornillo,tornillo y tuerca,tuerca
⚙️	engranaje	engranaje,herramienta
⛓	cadenas	cadena,cadenas
🔫	pistola de agua	agua,juguete,pistola,pistola de agua,verano
💣	bomba	bomba,cómic,emoción
🔪	cuchillo de cocina	arma,cocinar,cuchillo,cuchillo de cocina
🗡	puñal	arma,cuchillo,daga,puñal
⚔️	espadas cruzadas	arma,cruzadas,espadas
🛡	escudo	defensa,escudo
🚬	cigarrillo	cigarrillo,cigarro,fumar
⚰️	ataúd	ataúd,muerte
🔮	bola de cristal	adivinación,bola,bola de cristal,buena fortuna,cristal
📿	rosario	collar,cuentas,religión,rosario
💈	poste de barbero	barbería,barbero,peluquero,poste,poste de barbero
⚗️	alambique	alambique,herramienta,química
🔭	telescopio	astronomía,instrumento,telescopio
🔬	microscopio	instrumento,laboratorio,microscopio
🕳	agujero	agujero,orificio
💊	píldora	comprimido,medicina,médico,pastilla,píldora
💉	jeringuilla	aguja,jeringa,jeringuilla,medicina,médico
🌡	termómetro	temperatura,termómetro
🚽	inodoro	baño,inodoro,váter,wc
🚿	ducha	agua,baño,ducha
🛁	bañera	bañera,baño
🔑	llave	contraseña,llave
🗝	llave antigua	antigua,llave
🚪	puerta	puerta
🛋	sofá y lámpara	hotel,lámpara,sofá,sofá y lámpara
🛏	cama	cama,dormir,hotel
🖼	cuadro enmarcado	cuadro enmarcado,marco,museo
🛍	bolsas de compras	bolsa,bolsas de compras,compra
🎁	regalo	celebración,envoltorio,presente,regalo,regalo envuelto
🎈	globo	celebración,globo
🎏	banderín de carpas	banderín,banderín de carpas,carpa,celebración,koinobori
🎀	lazo	celebración,lazo
🎊	bola de confeti	bola de confeti,celebración,confeti
🎉	cañón de confeti	cañón de confeti,celebración,confeti,fiesta
✉️	sobre	carta,correo,sobre
📩	sobre con flecha	carta,comunicación,correo,correo electrónico,sobre,sobre con flecha
📨	sobre entrante	carta,comunicación,correo,correo electrónico,sobre,sobre entrante
📧	correo electrónico	comunicación,correo,correo electrónico,sobre
📦	paquete	caja,paquete
📪	buzón cerrado con la bandera bajada	bandera,buzón,buzón cerrado,buzón cerrado con la bandera bajada,vacío
📫	buzón cerrado con la bandera levantada	bandera,buzón,buzón cerrado,buzón cerrado con la bandera levantada,con contenido
📬	buzón abierto con la bandera levantada	bandera,buzón,buzón abierto,buzón abierto con la bandera levantada,con contenido
📭	buzón abierto con la bandera bajada	bandera,buzón,buzón abierto,buzón abierto con la bandera bajada,vacío
📮	buzón	buzón,cartas,correo
📝	cuaderno de notas	comunicación,cuaderno de notas
✏️	lápiz	escolar,escribir,lapicero,lápiz
🖊	bolígrafo	boli,bolígrafo,escribir
🖋	estilográfica	bolígrafo,escribir,estilográfica,pluma,tinta
📏	regla	regla
📐	escuadra	escuadra,regla,regla triangular,triángulo
📌	chincheta	chincheta,tachuela
📎	clip	clip
🔗	eslabón	eslabón
📚	libros	libro,libros
📖	libro abierto	abierto,libro
📰	periódico	diario,periódico
🗞	periódico enrollado	noticias,papel,periódico,periódico enrollado
🔖	marcapáginas	marcador,marcapáginas
🏷	etiqueta	etiqueta
💼	maletín	cartera,documentos,maletín
📁	carpeta de archivos	archivo,carpeta,carpeta de archivos
📂	carpeta de archivos abierta	abierta,archivo,carpeta,carpeta de archivos abierta
🗂	separador de fichas	fichas,fichero,separador,separador de fichas
📅	calendario	calendario,fecha
📆	calendario recortable	calendario,calendario recortable,fecha
🗓	calendario de espiral	calendario,calendario de espiral,espiral
📇	organizador de fichas	cartera,ficha,organizador,organizador de fichas,tarjetas
📈	gráfica de evolución ascendente	ascendente,gráfica,gráfica de evolución ascendente,gráfico,tendencia ascendente
📉	gráfica de evolución descendente	descendente,gráfica,gráfica de evolución descendente,gráfico,tendencia descendente
📊	gráfico de barras	barras,gráfico,gráfico de barras
📋	portapapeles	papeles,pinza,portapapeles,tabla
🗒	bloc de notas de espiral	bloc,bloc de notas de espiral,cuaderno,espiral,notas
🗃	archivador de tarjetas	archivador,archivador de tarjetas,archivo,caja
🗄	archivador	archivador,archivos,oficina,organizador
🔍	lupa orientada hacia la izquierda	buscar,lupa,lupa orientada hacia la izquierda
🔎	lupa orientada hacia la derecha	buscar,lupa,lupa orientada hacia la derecha
🔒	candado cerrado	candado,cerrado,cerrar
🔓	candado abierto	abierto,abrir,candado
❤️	corazón rojo	corazón,emoción,rojo
🧡	corazón naranja	corazón,emoción,naranja
💛	corazón amarillo	amarillo,corazón,emoción
💚	corazón verde	corazón,emoción,verde
💙	corazón azul	azul,corazón,emoción
💜	corazón morado	corazón,emoción,morado
🖤	corazón negro	corazón,negro
💔	corazón roto	corazón,emoción,partido,roto
❣️	exclamación de corazón	corazón,exclamación,exclamación de corazón,puntuación
💕	dos corazones	amantes,amor,corazón,dos corazones
💞	corazones giratorios	corazón,corazones giratorios,giratorio
💓	corazón latiendo	amor,corazón,corazón latiendo,emoción,latido
💗	corazón creciente	corazón,creciente,emocionado,latido,nervioso
💖	corazón brillante	amor,brillante,corazón brillante,emoción
💘	corazón con flecha	amor,corazón,corazón con flecha,emoción,flecha
💝	corazón con lazo	corazón,corazón con lazo,emoción,lazo,san valentín
☮️	símbolo de la paz	paz,símbolo de la paz
✝️	cruz latina	cristianismo,cruz,cruz latina,religión
☪️	media luna y estrella	estrella,islam,luna,media luna y estrella,religión
🕉	om	hindú,om,religión
☸️	rueda del dharma	budismo,dharma,religión,rueda,rueda del dharma
✡️	estrella de David	David,estrella,judaísmo,judío,religión
🔯	estrella de seis puntas	adivinación,buena fortuna,estrella,estrella de seis puntas,seis puntas
🕎	menorá	candelabro,menorá,religión
☯️	yin yang	religión,taoísmo,yang,yin
☦️	cruz ortodoxa	cruz,cruz ortodoxa,religión
⛎	Ofiuco	horóscopo,Ofiuco,portador,serpiente,zodiaco
♈	Aries	Aries,carnero,horóscopo,zodiaco
♉	Tauro	buey,horóscopo,Tauro,toro,zodiaco
♊	Géminis	gemelos,Géminis,horóscopo,zodiaco
♋	Cáncer	Cáncer,cangrejo,horóscopo,zodiaco
♌	Leo	horóscopo,Leo,león,zodiaco
♍	Virgo	horóscopo,Virgo,zodiaco
♎	Libra	balanza,escala,horóscopo,justicia,Libra,zodiaco
♏	Escorpio	Escorpio,escorpión,horóscopo,zodiaco
♐	Sagitario	arquero,horóscopo,Sagitario,zodiaco
♑	Capricornio	cabra,Capricornio,horóscopo,zodiaco
♒	Acuario	Acuario,agua,horóscopo,zodiaco
♓	Piscis	horóscopo,pescado,pez,Piscis,zodiaco
🆔	símbolo de identificación	ID,identidad,símbolo de identificación,símbolo identidad
⚛️	símbolo de átomo	átomo,símbolo,símbolo de átomo
🉑	ideograma japonés para "aceptable"	aceptable,ideograma,ideograma japonés para "aceptable",japonés,kanji
☢️	radiactivo	radiactividad,radiactivo,radioactividad,radioactivo,señal
☣️	riesgo biológico	peligro,riesgo biológico,señal
📴	teléfono móvil apagado	apagado,móvil,teléfono,teléfono celular
📳	modo vibración	modo vibración,móvil,teléfono,teléfono celular,vibración
🈶	ideograma japonés para "de pago"	“de pago”,ideograma,ideograma japonés para "de pago",japonés,kanji
🈚	ideograma japonés para "gratis"	gratis,ideograma,ideograma japonés para "gratis",japonés,kanji
🈸	ideograma japonés para "aplicación"	aplicación,ideograma,ideograma japonés para "aplicación",japonés,kanji
🈺	ideograma japonés para "abierto"	abierto,ideograma,ideograma japonés para "abierto",japonés,kanji
🈷️	ideograma japonés para "cantidad mensual"	“cantidad mensual”,ideograma,ideograma japonés para "cantidad mensual",japonés,kanji
✴️	estrella de ocho puntas	*,estrella,estrella de ocho puntas
🆚	botón VS	botón VS,contra,frente a,símbolo,versus,vs
💮	flor blanca	blanca,flor
🉐	ideograma japonés para "ganga"	ganga,ideograma,ideograma japonés para "ganga",japonés,kanji
㊙️	ideograma japonés para "secreto"	ideograma,ideograma japonés para "secreto",japonés,kanji,secreto
㊗️	ideograma japonés para "enhorabuena"	enhorabuena,ideograma,ideograma japonés para "enhorabuena",japonés,kanji
🈴	ideograma japonés para "aprobado"	aprobado,ideograma,ideograma japonés para "aprobado",japonés,kanji
🈵	ideograma japonés para "completo"	completo,ideograma,ideograma japonés para "completo",japonés,kanji,lleno
🈹	ideograma japonés para "descuento"	descuento,ideograma,ideograma japonés para "descuento",japonés,kanji
🈲	ideograma japonés para "prohibido"	ideograma,ideograma japonés para "prohibido",japonés,kanji,prohibido
🅰️	grupo sanguíneo A	A,grupo,sanguíneo,tipo A
🅱️	grupo sanguíneo B	B,grupo,sanguíneo,tipo B
🆎	grupo sanguíneo AB	AB,grupo,sanguíneo,tipo AB
🆑	borrar	borrar,símbolo
🅾️	grupo sanguíneo tipo O	grupo sanguíneo,grupo sanguíneo tipo O,o
🆘	símbolo de socorro	ayuda,símbolo,símbolo de socorro,socorro,sos
❌	marca de cruz	×,cancelar,cruz,marca de cruz,marca de tachado,tachar,x
⭕	círculo rojo hueco	aro,círculo,círculo rojo hueco,o,rojo
🛑	señal de stop	octágono,parada,señal,señal de stop,stop
⛔	dirección prohibida	dirección prohibida,no,prohibido,señal,señal de dirección prohibida
📛	etiqueta identificativa	etiqueta,etiqueta identificativa,nombre
🚫	prohibido	entrar,no,pasar,prohibición,prohibido
💯	cien puntos	100,cien puntos,pleno,puntos
💢	símbolo de enfado	cómic,enfadado,enfado,símbolo de enfado
♨️	aguas termales	aguas termales,termas,vapor
🚷	prohibido el paso de peatones	peatón,peatones,prohibido,prohibido el paso de peatones,señal
🚯	prohibido tirar basura	basura,prohibido,prohibido tirar basura,señal,señal de no tirar basura
🚳	bicicletas prohibidas	bicicleta,bicicletas prohibidas,prohibido,vehículo
🚱	agua no potable	agua,agua no potable,no potable
🔞	prohibido para menos de 18 años	18,no apto para menores,prohibido,prohibido para menores de 18 años,prohibido para menos de 18 años
📵	prohibido el uso de móviles	móvil,no hacer llamadas,prohibido,prohibido el uso de móviles,teléfono
❗	exclamación roja	!,exclamación,exclamación roja,puntuación,signo de exclamación
❓	interrogación roja	?,interrogación,interrogación roja,pregunta,puntuación,signo de interrogación
❕	exclamación blanca	!,exclamación,exclamación blanca,puntuación
❔	interrogación blanca	?,interrogación,interrogación blanca,pregunta,puntuación
‼️	exclamación doble	!!,exclamación,exclamación doble,puntuación,sorpresa
⁉️	exclamación e interrogación	!,!?,?,exclamación,exclamación e interrogación,interrogación
🔅	brillo bajo	bajo,brillo,señal de brillo bajo,tenue
🔆	brillo alto	alto,brillante,brillo,señal de brillo alto
〽️	marca de alternancia	alternancia,marca,marca de alternancia
⚠️	advertencia	advertencia,cuidado,señal
🚸	niños cruzando	cruzando,niños,señal
🔱	emblema de tridente	ancla,emblema,emblema de tridente,tridente
⚜️	flor de lis	flor,flor de lis,lis
🔰	símbolo japonés para principiante	amarillo,japonés,principiante,símbolo japonés para principiante,verde
♻️	símbolo de reciclaje	reciclaje,reciclar,señal,símbolo de reciclaje,símbolo universal de reciclaje sólido,universal
✅	botón de marca de verificación	✓,botón,botón de marca de verificación,marca,selección,verificación
🈯	ideograma japonés para "reservado"	ideograma,ideograma japonés para "reservado",japonés,kanji,reservado
💹	mercado al alza	alza,mercado,mercado al alza,mercado alcista,tabla
❇️	chispa	*,chispa
✳️	asterisco de ocho puntas	*,asterisco,asterisco de ocho puntas
❎	botón con marca de cruz	×,botón con marca de cruz,casilla,cruz,marca,x
🌐	globo terráqueo con meridianos	globo,globo terráqueo con meridianos,meridianos,mundo,Tierra
💠	rombo con pétalo	flor,geometría,rombo,rombo con pétalo
Ⓜ️	m en círculo	círculo,m,m en círculo
🌀	ciclón	ciclón,mareo,tifón,tornado
💤	símbolo de sueño	cómic,dormir,símbolo de sueño,sueño,zzz
🏧	señal de cajero automático	atm,banco,cajero,señal de cajero automático
🚾	aseos	aseos,lavabo,servicios,WC
♿	símbolo de silla de ruedas	acceso,señal,silla,silla de ruedas,símbolo,símbolo de silla de ruedas
🅿️	aparcamiento	aparcamiento,p,parking
🈳	ideograma japonés para "vacante"	ideograma,ideograma japonés para "vacante",japonés,kanji,vacante
🈂️	ideograma japonés para "de cortesía"	cortesía,ideograma japonés para "de cortesía",japonés,katakana
🛂	control de pasaportes	control,control de pasaportes,pasaportes
🛃	aduana	aduana
🛄	recogida de equipajes	equipaje,maleta,recogida de equipajes
🛅	consigna	consigna,depósito,equipaje,servicio de equipaje en depósito
🏳️	bandera blanca	bandera,blanca,ondear
🏴	bandera negra	bandera,negra,ondear
🏁	bandera de cuadros	bandera,bandera de cuadros,carreras,cuadros,deporte,motor
🚩	bandera triangular	bandera,bandera de localización triangular,bandera informativa de localización,bandera triangular,localización
🏳️‍🌈	bandera del arcoíris	arcoíris,bandera,bandera del arcoíris
🇺🇸	Bandera: Estados Unidos	Bandera
🇬🇧	Bandera: Reino Unido	Bandera
🇨🇦	Bandera: Canadá	Bandera
🇦🇺	Bandera: Australia	Bandera
🇳🇿	Bandera: Nueva Zelanda	Bandera
🇮🇪	Bandera: Irlanda	Bandera
🇫🇷	Bandera: Francia	Bandera
🇩🇪	Bandera: Alemania	Bandera
🇪🇸	Bandera: España	Bandera
🇮🇹	Bandera: Italia	Bandera
🇵🇹	Bandera: Portugal	Bandera
🇳🇱	Bandera: Países Bajos	Bandera
🇧🇪	Bandera: Bélgica	Bandera
🇨🇭	Bandera: Suiza	Bandera
🇦🇹	Bandera: Austria	Bandera
🇸🇪	Bandera: Suecia	Bandera
🇳🇴	Bandera: Noruega	Bandera
🇩🇰	Bandera: Dinamarca	Bandera
🇫🇮	Bandera: Finlandia	Bandera
🇮🇸	Bandera: Islandia	Bandera
🇵🇱	Bandera: Polonia	Bandera
🇨🇿	Bandera: Chequia	Bandera
🇬🇷	Bandera: Grecia	Bandera
🇹🇷	Bandera: Turquía	Bandera
🇷🇺	Bandera: Rusia	Bandera
🇺🇦	Bandera: Ucrania	Bandera
🇯🇵	Bandera: Japón	Bandera
🇰🇷	Bandera: Corea del Sur	Bandera
🇨🇳	Bandera: China	Bandera
🇮🇳	Bandera: India	Bandera
🇧🇷	Bandera: Brasil	Bandera
🇲🇽	Bandera: México	Bandera
🇦🇷	Bandera: Argentina	Bandera
🇿🇦	Bandera: Sudáfrica	Bandera
🇳🇬	Bandera: Nigeria	Bandera
🇰🇪	Bandera: Kenia	Bandera
🇪🇬	Bandera: Egipto	Bandera
🇮🇱	Bandera: Israel	Bandera
🇸🇦	Bandera: Arabia Saudí	Bandera
🇦🇪	Bandera: Emiratos Árabes Unidos	Bandera
🇸🇬	Bandera: Singapur	Bandera
🇹🇭	Bandera: Tailandia	Bandera
🇻🇳	Bandera: Vietnam	Bandera
🇵🇭	Bandera: Filipinas	Bandera
🇮🇩	Bandera: Indonesia	Bandera
