😀	visage rieur	content,dents,émoticône,grand sourire,heureux,joyeux,rire,sourire,super,visage,visage rieur,visage très souriant
😃	visage souriant avec de grands yeux	content,dents,émoticône,formidable,grand sourire,heureux,sourire,super,visage souriant avec de grands yeux,visage très souriant avec la bouche ouverte
😄	visage très souriant aux yeux rieurs	content,émoticône,grand sourire,heureux,joyeux,lol,mdr,rire,sourire,sourire mignon,visage avec la bouche ouverte et les yeux souriants,visage très souriant aux yeux rieurs
😁	visage souriant aux yeux rieurs	content,dents,émoticône,grand sourire,heureux,sourire,sourire de toutes ses dents,super,visage,visage souriant aux yeux rieurs,visage souriant avec yeux souriants,yeux souriants
😆	visage souriant avec yeux plissés	ahah,bouche,content,émoticône,lol,mdr,rire,sourire,visage,visage souriant avec bouche ouverte et yeux fermés,visage souriant avec yeux plissés
😅	visage souriant avec une goutte de sueur	émoticône,excité,froid,goutte,sourire,sourire nerveux,stressé,sueur,sueurs froides,visage souriant avec une goutte de sueur
😂	visage riant aux larmes	content,émoticône,heureux,joie,larmes,lol,mdr,pleurer de joie,pleurer de rire,rire aux larmes,sourire,visage riant aux larmes
🙂	visage avec un léger sourire	content,émoticône,heureux,léger sourire,sourire,visage avec un léger sourire,visage souriant
🙃	tête à l’envers	émoticône,incroyable,renversée,tête,tête à l’envers,visage
😉	visage faisant un clin d’œil	blague,clin d’œil,émoticône,flirter,plaisanter,sexy,visage,visage faisant un clin d’œil
😊	visage souriant avec yeux rieurs	content,émoticône,heureux,œil,rougir,satisfait,sourire,visage,visage qui rougit,visage souriant avec yeux rieurs,visage souriant avec yeux souriants,yeux
😇	visage souriant avec auréole	ange,angélique,auréole,béni,Bible,émoticône,heureux,innocent,paix,sourire,spirituel,visage souriant avec auréole
🥰	visage souriant avec cœurs	adorer,aimer,amour,béguin,coeur,cœurs,j’adore,Je t’aime,smiley avec 3 coeurs,sourire,visage souriant avec cœurs
😍	visage souriant avec yeux en forme de cœur	amour,amoureux,cœur,émoticône,œil,romantique,sourire,visage,visage souriant avec yeux en forme de cœur,yeux
😘	visage envoyant un bisou	amour,baiser,bise,bisou et cœur,bonjour,bonne nuit,cœur,embrasser,émoticône,je t’aime,visage envoyant un bisou,visage qui fait une bise avec un cœur
😗	visage faisant un bisou	amour,baiser,bise,bisou,embrasser,émoticône,je t’aime,petit bisou,visage faisant un bisou,visage qui fait une bise
😚	visage faisant un bisou avec les yeux fermés	baiser,bise,bisou,bisou les yeux fermés,embrasser,émoticône,rougir,visage faisant un bisou avec les yeux fermés,visage qui fait une bise avec les yeux fermés,visage rougissant,yeux fermés
😋	miam	bon,content,délicieux,émoticône,faim,heureux,langue,manger,miam,savourer,sourire,visage souriant qui tire la langue
😜	visage qui tire la langue et fait un clin d’œil	amusant,blague,clin d’œil,émoticône,fou,langue,loufoque,marrant,œil,rigolo,visage,visage qui tire la langue et fait un clin d’œil
🤪	tête de fou	grand,large,oeil,œil,petit,tête de fou,tête folle,yeux,yeux fous
😝	visage qui tire la langue les yeux plissés	dégoûtant,émoticône,goût,horrible,langue,œil,omd,on ne vit qu’une fois,peu importe,visage qui tire la langue et ferme les yeux,visage qui tire la langue les yeux plissés,yeux fermés
🤗	visage qui fait un câlin	câlin,émoticône,gentil,mains,visage,visage qui fait un câlin
🤔	visage en pleine réflexion	émoticône,hum,méditer,penser,réfléchir,réflexion,visage,visage en pleine réflexion
🤐	visage avec bouche fermeture éclair	bouche,bouche cousue,émoticône,fermeture éclair,motus,se taire,secret,visage,visage avec bouche cousue,visage avec bouche fermeture éclair
😐	visage neutre	émoticône,gêné,neutre,ni chaud ni froid,pas drôle,peu importe,rester de marbre,sans commentaires,sans rire,visage neutre,visage sans expression
😑	visage sans expression	émoticône,inexpressif,mécontent,neutre,peu importe,sans expression,visage,visage sans expression
😶	visage sans bouche	émoticône,muet,ne rien dire,neutre,sans commentaires,sans expression,sans voix,se taire,secret,silence,sourdine,visage sans bouche
😏	visage avec un sourire malin	arrogant,charmeur,émoticône,malin,ricaner,rusé,séducteur,sourire,sourire suffisant,suspicieux,visage avec un sourire malin,visage avec un sourire suffisant
😒	visage blasé	bizarre,blasé,émoticône,énervé,fâché,jaloux,pas content,peu importe,visage,visage qui s’ennuie
🙄	visage roulant des yeux	agacé,émoticône,excédé,incrédulité,roulement,visage qui lève les yeux au ciel,visage qui roule des yeux,visage roulant des yeux,yeux
😬	visage grimaçant	dents,émoticône,gêné,grimace,rien,sourire,visage,visage grimaçant
😌	visage soulagé	calme,émoticône,sérénité,soulagement,visage,visage soulagé,zen
😔	visage pensif	abattu,déçu,émoticône,horrible,mort,pensif,perdu,triste,visage
😪	visage endormi	émoticône,fatigué,larme,pleurer,sommeil,triste,visage,visage endormi
😴	visage somnolent	bonne nuit,coucher,dormir,émoticône,endormi,fatigué,sieste,sommeil,visage,visage somnolent,zzz
😷	visage avec masque	bactéries,dentiste,docteur,émoticône,germes,malade,masque,masque chirurgical,médecin,rhume,visage avec masque
🤒	visage avec thermomètre	indisposé,malade,thermomètre,visage,visage avec thermomètre
🤕	visage avec bandage autour de la tête	aïe,bandage,blessure,bobo,émoticône,pansement,tête,tête avec un bandage,visage,visage avec bandage autour de la tête
🤧	visage qui éternue	à tes souhaits,atchoum,émoticône,éternuement,éternuer,fièvre,grippe,malade,mouchoir,rhume,se moucher,visage qui éternue
🥵	visage rouge et chaud	chaleur,chaud,coup de chaleur,coup de chaud,fièvre,sue,suer,toute rouge,transpiration,trop chaud,visage rouge et chaud,visage tout rouge
🥶	visage bleu et froid	bleu,ça caille,froid,gel,gelé,gelure,glacé,glacial,glaçon,visage bleu,visage bleu et froid
😵	visage étourdi	émoticône,fatigué,malade,mort,tournis,visage,visage avec le tournis,visage étourdi
🤯	tête qui explose	choc,choqué,surpris,surprise,tête choquée,tête qui explose
🤠	visage avec chapeau de cowboy	chapeau,cowboy,visage,visage avec chapeau de cowboy
😎	visage avec lunettes de soleil	cool,lunettes de soleil,posé,tranquille,visage avec lunettes de soleil
🤓	visage de geek	doué,futé,geek,idiot,intelligent,lunettes,personne,premier de la classe,ringard,surdoué,tronche,visage de geek
😕	visage confus	confus,désolé,émoticône,ennuyé,je ne sais pas,triste,visage
😟	visage inquiet	anxieux,émoticône,inquiet,préoccupé,stressé,surpris,triste,visage
🙁	visage légèrement mécontent	émoticône,mécontent,triste,visage,visage légèrement mécontent
😮	visage avec bouche ouverte	bouche bée,bouche ouverte,choqué,émoticône,épaté,incroyable,omd,oubli,surpris,visage avec bouche ouverte,visage avec la bouche ouverte,visage étonné
😯	visage ébahi	émoticône,incroyable,omd,sans voix,stupéfait,stupeur,surpris,visage,visage à la bouche ouverte,visage ébahi,visage sans voix
😲	visage stupéfait	choc,choqué,émoticône,étonné,impossible,incroyable,omd,stupéfait,visage
😳	visage qui rougit	chaud,comment,ébahi,émoticône,étonné,gêné,impressionné,incrédule,incroyable,quoi,rouge,visage qui rougit
😦	visage mécontent avec bouche ouverte	bouche,déçu,effrayé,émoticône,ouverte,peur,pris au dépourvu,surpris,visage,visage déçu avec bouche ouverte,visage mécontent avec bouche ouverte
😨	visage effrayé	anxieux,apeuré,blême,effrayé,émoticône,inquiet,peur,terrifié,visage
😰	visage anxieux avec goutte de sueur	aah,bleu,bouche bée,effrayé,émoticône,froid,mince,nerveux,peur bleue,sueurs froides,terrifié,visage anxieux avec goutte de sueur,visage en sueur bouche ouverte
😥	visage triste mais soulagé	déçu,émoticône,ouf,pfiou,soulagé,sueur,triste,visage déçu mais soulagé,visage triste mais soulagé
😢	visage qui pleure	émoticône,horrible,larme,larmes,malheureux,pleurer,triste,visage qui pleure
😭	visage qui pleure à chaudes larmes	émoticône,larme,larmes,malheureux,pleurer,pleurs,sangloter,triste,visage,visage qui pleure à chaudes larmes
😱	visage qui hurle de peur	choqué,cri,effrayé,Munch,omd,peur,surpris,terreur,visage,visage qui hurle de peur
😖	visage déconcerté	confus,déconcerté,émoticône,fâché,frustré,irrité,triste,visage,yeux fermés
😣	visage persévérant	concentré,émoticône,mal de tête,migraine,persévérant,visage
😞	visage déçu	abattu,affreux,découragé,déçu,émoticône,malheureux,tort,triste,visage
😓	visage démoralisé avec goutte de sueur	émoticône,froide,mal de tête,migraine,mince,ouf,peur,sueur,triste,visage,visage démoralisé avec goutte de sueur,visage et sueurs froides
😩	visage épuisé	échec,émoticône,épuisé,faim,fatigué,mécontent,non,pleurer,sommeil,triste,visage,visage las
😫	visage fatigué	contrarié,émoticône,fatigue,mécontent,triste,visage,visage fatigué
😤	visage avec fumée sortant des narines	colère,émoticône,énervé,fâché,mécontent,triomphe,victoire,visage,visage avec fumée sortant des narines
😡	visage boudeur	colère,émoticône,énervé,exaspéré,fâché,furieux,mécontent,rageur,rouge,rouge de colère,sourcils froncés,visage boudeur
😠	visage en colère	colère,émoticône,exaspéré,fâché,frustré,mécontent,rageur,sourcils froncés,visage en colère
🤬	visage avec des symboles dans la bouche	censuré,colère,gros mots,insulter,insultes,jurer,juron,tête avec des symboles sur la bouche,visage avec des symboles dans la bouche
😈	visage souriant avec des cornes	cornes,émoticône,fâché,fantastique,sourire,visage,visage souriant avec des cornes
💀	crâne	corps,crâne,dead,fantastique,je suis mort,mort,squelette,tête de mort,visage,yolo
💩	tas de crotte	bande dessinée,BD,caca,crotte,dessin,excrément,odeur,popo,puer,sentir mauvais,tas de crotte,visage
🤡	visage de clown	clown,émoticône,maquillage,visage,visage de clown
👹	ogre	créature,effrayant,fantastique,japonais,masque,monstre,ogre
👻	fantôme	blague,bouh,créature,effrayant,fantastique,fantôme,Halloween,hanter,monstre,peur,visage,visage de fantôme
👽	alien	alien,créature,émoticône,espace,extraterrestre,monstre,ovni,science-fiction,visage
🤖	robot	androïde,automate,machine,monstre,robot,visage,visage de robot
👋	signe de la main	à bientôt,à plus tard,au revoir,bonjour,bye,coucou,hello,il y a quelqu’un ?,main,main qui salue,salut,signe,signe de la main
🤚	dos de main levée	dos de main levée,levée,main
✋	main levée	feuille,main,main levée,paume de la main,stop,tope là
👌	ok	compris,d’accord,geste,main,nickel,ok,OK,parfait,super,tout va bien
✌️	V de la victoire	ciseaux,doigts,main,paix et amour,peace and love,V de la victoire,victoire
🤞	doigts croisés	bonne chance,chance,croisés,doigts,main
🤟	signe je t’aime	amour,geste pour je t’aime,ILY,je t’aime,main,signe je t’aime,trois doigts
🤘	cornes avec les doigts	cornes,cornes avec les doigts,cornes du diable,doigts,main,rock,rock’n roll,yeah
👈	main avec index pointant à gauche	doigt,gauche,index,index pointé vers la gauche,main,main avec index pointant à gauche
👉	main avec index pointant à droite	doigt,droite,index,index pointé vers la droite,main,main avec index pointant à droite
👆	main avec index pointant vers le haut	doigt,haut,index,index vers le haut,main,main avec index pointant vers le haut,montrer
👇	main avec index pointant vers le bas	bas,doigt,index,index vers le bas,main,main avec index pointant vers le bas,montrer
👍	pouce vers le haut	bien,compris,d’accord,génial,haut,main,moi aussi,OK,oui,pouce levé,pouce vers le haut,super,top
👎	pouce vers le bas	bas,main,mauvais,non,nul,pouce,pouce baissé,pouce vers le bas
✊	poing levé	main,pierre,poing,poing levé,poing serré,solidarité
👊	poing de face	absolument,battre,boum,correct,coup de poing,d’accord,main,mon pote,poing,poing de face,serrer
👏	applaudissements	applaudissements,bien joué,bon travail,bravo,félicitations,formidable,geste,mains,mains qui applaudissent,super
🙌	mains levées	air,geste,hourra,mains,mains en l’air,mains levées,youpi
🙏	mains en prière	demander,félicitations,mains,mains en prière,mains l’une contre l’autre,merci,prier,prière,s’il te plaît,s’il vous plaît,salut,se taper dans la main,tope là
💪	biceps contracté	bande dessinée,BD,biceps,bodybuilding,contracté,corps,culturisme,entraînement,exercice,force,haltérophilie,muscle,muscles,soulever
🦵	jambe	coup de pied,cuisse,genou,genou fléchi,genoux,jambe,membre,pied
👀	yeux	chercher,corps,coup d’œil,œil,regarder,visage,voir,yeux
👣	traces de pas	empreintes,pied,pieds,pieds nus,traces de pas
👶	bébé	bébé,émoticône,enceinte,enfant,nouveau-né,petit
🧒	enfant	enfant,genre neutre,jeune,non-genré
👦	garçon	émoticône,enfant,garçon,jeune,personne
👧	fille	couettes,émoticône,enfant,fille,grands yeux,jeune,nattes,personne,petite fille,tresses,vierge,visage,zodiaque
🧑	adulte	adulte,genre neutre,non-genré
👨	homme	ami,garçon,homme,personne,petit ami,pote
👩	femme	blonde,coupe de cheveux,femme,personne
🧓	personne âgée	adulte,âgé,genre neutre,non-genré,personne âgée
🙋	personne qui lève la main	compte sur moi,content,femme qui lève la main,geste,ici,je sais,levée,main,moi,participer,personne qui lève la main,présente
🤦	personne avec la paume sur le visage	drame,exaspération,femme avec paume sur visage,geste,incrédulité,incroyable,j’en peux plus,main,pas possible,paume de main,personne,personne avec la paume sur le visage,visage
🤷	personne qui hausse les épaules	aucune idée,c’est comme ça,doute,femme qui hausse les épaules,haussement d’épaules,ignorance,indifférence,je ne sais pas,personne,personne qui hausse les épaules,peut-être,que faire,qui sait
💁	personne paume vers le haut	aide,diva,femme,information,insouciante,main,personne,personne paume vers le haut,peu importe,potins,prétentieuse,sarcastique,sophistiqué
🙇	personne qui s’incline	confus,désolé,excuses,geste,gronder,incliné,j’ai compris,OK,pardon,personne inclinée,personne qui s’incline
💃	danseuse	danse,danseuse,femme,femme qui danse,fête,flamenco,rythme,salsa,sortir danser,tango
🕺	danseur	danse,danseur,femme,fête,flamenco,homme,homme qui danse,rythme,salsa
👪	famille	enfant,famille,famille avec un père  une mère et un fils,femme,fils,garçon,homme,mère,père
🐶	tête de chien	animal,animal domestique,chien,chiot,tête de chien,visage
🐱	tête de chat	animal,chat,chaton,miaou,minou,tête de chat
🐭	tête de souris	animal,souris,tête de souris,visage
🐹	hamster	animal,animal domestique,hamster,tête,tête de hamster,visage
🐰	tête de lapin	animal,animal domestique,dents,lapin,tête de lapin
🦊	renard	animal,nature,renard,tête,visage
🐻	ours	animal,miel,nounours,ours,ours brun,teddy,tête,visage
🐼	panda	animal,panda,tête,tête de panda,visage
🐨	koala	animal,Australie,koala
🐯	tête de tigre	animal,félin,prédateur,tête de tigre,tigre,visage
🦁	tête de lion	animal,astrologie,crinière,fort,horoscope,lion,roi,rugissement,safari,savane,tête de lion,visage,zodiaque
🐮	tête de vache	animal,lait,meuh,tête de vache,vache,visage
🐷	tête de cochon	animal,cochon,ferme,porc,tête de cochon,visage
🐽	groin	animal,cochon,ferme,flair,groin,museau,porc,sentir,tête de cochon
🐸	grenouille	animal,crapaud,grenouille,tête,tête de grenouille
🐵	tête de singe	animal,Georges le petit curieux,singe,sourire,tête de singe,visage
🙈	singe ne rien voir	animal,caché,effrayé,embarras,gêne,geste,interdit,ne pas voir,non,omd,oubli,peur,rien vu rien entendu,secret,singe,visage,voir,yeux
🙉	singe ne rien entendre	animal,écouter,geste,interdit,ne pas entendre,non,oreilles,rien vu rien entendu,secret,singe,singe ne rien entendre,sourd,visage
🙊	singe ne rien dire	animal,bouche cousue,chut,geste,interdit,motus,muet,non,parler,se taire,secret,silence,singe,singe ne rien dire,visage
🐒	singe	animal,primate,singe
🐔	poule	animal,coq,ferme,oiseau,poule,poulet,volaille
🐧	pingouin	animal,Antarctique,banquise,manchot,oiseau,pingouin
🐦	oiseau	animal,oiseau,ornithologie
🐤	poussin	animal,oiseau,poussin,tête de poussin
🦆	canard	animal,canard,coin-coin,oiseau
🦅	aigle	aigle,animal,oiseau,rapace
🦉	chouette	animal,chouette,hibou,oiseau,sage
🦇	chauve-souris	animal,chauve-souris,vampire
🐺	loup	animal,loup,louve,tête,tête de loup
🐗	sanglier	animal,Game of Thrones,sanglier
🐴	tête de cheval	animal,cheval,dressage,équitation,ferme,jument,tête de cheval
🦄	licorne	animal,licorne,licrone,tête,tête de licorne
🐝	abeille	abeille,animal,bourdon,guêpe,insecte,miel,nature,printemps
🐛	chenille	animal,chenille,insecte,jardin
🦋	papillon	animal,insecte,mignon,papillon,printemps
🐌	escargot	animal,escargot,jardin,lentement,nature
🐞	coccinelle	animal,bête,coccinelle,insecte,jardin,nature
🐜	fourmi	animal,fourmi,insecte,jardin
🕷	araignée	animal,araignée,insecte
🦂	scorpion	animal,astrologie,désert,horoscope,scorpion,zodiaque
🐢	tortue	animal,carapace,lentement,reptile,tortue
🐍	serpent	animal,reptile,serpent,serpent à sonnette,venin
🦎	lézard	animal,lézard,reptile
🐙	pieuvre	animal,créature,mer,mollusque,océan,pieuvre,poulpe
🦑	calamar	aliment,animal,calamar,encornet,mollusque,nourriture
🦐	crevette	aliment,crevette,crustacé,fruits de mer,nourriture
🦀	crabe	animal,astrologie,Cancer,crabe,horoscope,mer,pinces,plage,zodiaque
🐡	poisson-lune	animal,poisson,poisson-lune
🐠	poisson tropical	animal,poisson,poisson tropical
🐟	poisson	alimentation,animal,astrologie,horoscope,manger,nourriture,poisson,poissons,Poissons,repas,zodiaque
🐬	dauphin	animal,dauphin,Flipper,mer,océan,plage
🐳	baleine soufflant par son évent	animal,baleine,baleine avec évent,baleine soufflant par son évent,mer,océan,plage,souffle
🐋	baleine	animal,baleine,mer,océan,plage
🦈	requin	animal,Dents de la mer,poisson,requin
🐊	crocodile	alligator,animal,caïman,crocodile,reptile,zoo
🐅	tigre	animal,félin,prédateur,tigre,tigresse,zoo
🐆	léopard	animal,félin,léopard,prédateur,zoo
🦓	zèbre	animal,noir et blanc,rayure,rayures,zèbre,zébrure
🦍	gorille	animal,gorille,primate
🐘	éléphant	animal,éléphant,pachyderme,trompe
🦏	rhinocéros	animal,corne,rhinocéros
🐪	dromadaire	animal,bosse,désert,dromadaire,une bosse
🐫	chameau	animal,bosse,chameau,chameau à deux bosses,désert,deux bosses
🦒	girafe	animal,cou,girafe,taches
🐃	buffle	animal,buffle,corne,zoo
🐄	vache	animal,ferme,lait,meuh,vache
🐎	cheval	animal,cheval,course hippique,hippodrome,tiercé
🐖	cochon	animal,cochon,ferme,gros,jambon,porc,truie
🐏	bélier	animal,astrologie,bélier,corne,ferme,horoscope,mouton,zodiaque
🐑	mouton	animal,bêler,brebis,doux,ferme,laine,lait,mouton
🐐	chèvre	animal,astrologie,Capricorne,chèvre,ferme,fromage,horoscope,lait,zodiaque
🦌	cerf	animal,bois,cerf
🐕	chien	aboyer,animal,animal domestique,chien
🐩	caniche	animal,caniche,chien
🐈	chat	animal,animal domestique,chat,chaton,miaou,miauler
🐓	coq	animal,coq,oiseau,volaille
🦃	dindon	action de grâces,animal,dinde,dindon,oiseau,thanksgiving,volaille
🕊	colombe	animal,colombe,oiseau,paix,rameau,voler
🐇	lapin	animal,animal domestique,lapin
🐁	souris	animal,souris
🐀	rat	animal,rat
🐿	écureuil	animal,écureuil,noisettes
🌵	cactus	cactus,désert,épines,nature,piquant,plante,sécheresse
🎄	sapin de Noël	arbre,fête,fêtes,guirlandes,Noël,sapin de Noël,Sapin de Noël
🌲	conifère	arbre,conifère,feuilles persistantes,forêt,pin,plante,sapin,sapin de Noël
🌳	arbre à feuilles caduques	arbre,arbre à feuilles caduques,feuilles caduques,feuillu,forêt,nature,plante
🌴	palmier	arbre,cocotier,palmier,plage,plante,tropical,tropiques
🌱	jeune pousse	germe,jeune plant,jeune pousse,plante,plantule,pousser,printemps,semis
🌿	feuille	arbre,feuille,feuilles,plante
☘️	trèfle	Irlande,plante,trèfle
🍀	trèfle à quatre feuilles	4,chance,feuilles,Irlande,plante,porte-bonheur,quatre,trèfle,trèfle à quatre feuilles
🍁	feuille d’érable	automne,érable,feuille,feuille d’érable,feuille morte,tomber
🍂	feuille morte	automne,feuille,feuille morte,feuilles mortes,tomber
🍃	feuille virevoltante	bourrasque,feuille,feuille virevoltante,souffle,tourbillon de feuilles,vent,virevolter
🌺	hibiscus	fleur,hibiscus,plante
🌸	fleur de cerisier	bourgeon,fleur,fleur de cerisier,plante,printemps
🌼	bourgeon	bourgeon,bouton d’or,dent-de-lion,fleur,pissenlit,plante,printemps
🌻	tournesol	champs,fleur,plante,soleil,tournesol
🌞	soleil avec visage	chaleur,chaud,éclatant,ensoleillé,jour,lumière,météo,plage,rayon de soleil,soleil,soleil à visage,soleil avec visage
🌝	pleine lune avec visage	lune,lune à visage,nuit,pleine lune,pleine lune avec visage,sourire,visage
🌛	premier quartier de lune avec visage	croissant de lune,espace,lune,lune à visage,nuit,premier quartier de lune,premier quartier de lune avec visage,quartier,visage
⭐	étoile	astronomie,étoile,nuit
🌟	étoile brillante	éclat,étincelant,étincelle,étoile,étoile brillante,nuit,nuit étoilée,succès
✨	étincelles	*,étincelles,étoile,étoiles,magie,nuit,nuit étoilée,scintiller
⚡	haute tension	courant,danger,éclair,électricité,haute tension,nature,orage,symbole haute tension,tension,vitesse
🔥	feu	allumer,brûler,chaud,feu,flamme,fournaise,incendie
🌈	arc-en-ciel	arc-en-ciel,bisexuelle,Gay Pride,homosexuelle,lesbienne,LGBTQIA,météo,nature,pluie,transgenre
☁️	nuage	gris,météo,nuage
❄️	flocon	flocon,flocon de neige,froid,météo,neige
💧	goutte d’eau	BD,eau,froid,goutte,goutte d’eau,larme,météo,nature,pluie,sueurs froides,tristesse
🌊	vague	eau,Kanagawa,lame,large,marée,mer,nature,océan,remous,rouleau,surf,vague
🍏	pomme verte	fruit,nourriture,pomme,pomme verte
🍎	pomme rouge	fruit,nourriture,pomme,pomme rouge
🍐	poire	fruit,nourriture,poire
🍊	mandarine	agrume,clémentine,fruit,mandarine,nourriture,orange,vitamine C
🍋	citron	acide,agrume,citron,fruit,nourriture,zeste
🍌	banane	banane,fruit,nourriture,potassium
🍉	pastèque	fruit,pastèque
🍇	raisin	fruit,nourriture,raisin
🍓	fraise	fraise,fruit,nourriture
🍈	melon	fruit,melon
🍒	cerises	cerise,cerises,fruit,nourriture
🍑	pêche	fruit,nourriture,pêche
🍍	ananas	ananas,fruit,nourriture,tropical
🥥	noix de coco	coco,fruit,noix de coco,nourriture,palmier,piña colada
🥝	kiwi	fruit,kiwi,nourriture
🍅	tomate	fruit,légume,nourriture,plante,tomate
🥑	avocat	avocat,fruit,nourriture
🍆	aubergine	aubergine,légume,nourriture
🥔	pomme de terre	légume,nourriture,patate,pomme de terre,purée
🥕	carotte	carotte,légume,nourriture
🌽	épi de maïs	épi,épi de maïs,ferme,maïs,nourriture
🌶	piment rouge	nourriture,piment,piment rouge,piquant
🥒	concombre	concombre,cornichon,légume,nourriture
🥦	brocoli	broccoli,brocoli,chou,chou sauvage,légume
🍄	champignon	champignon,champignon vénéneux,Mario,plante
🥜	cacahuètes	arachide,cacahuète,cacahuètes,noisette,nourriture
🌰	châtaigne	châtaigne,marron,nourriture,plante
🍞	pain	miche,nourriture,pain,pain de mie
🥐	croissant	croissant,nourriture,pain,petit-déjeuner,viennoiserie
🥖	baguette	baguette,nourriture,pain
🥨	bretzel	bretzel,nourriture,torsade
🧀	part de fromage	fromage,nourriture,part de fromage
🥚	œuf	nourriture,œuf
🍳	œuf au plat	cuisine,friture,nourriture,œuf,œuf au plat,petit-déjeuner,poêle,poêle à frire,se faire cuire un œuf
🥞	pancakes	crêpe,goûter,nourriture,pancake,pancakes,petit-déjeuner
🥓	lard	bacon,lard,nourriture,porc,viande
🥩	morceau de viande	côtelette,côtelette d’agneau,côtelette de porc,morceau de viande,nourriture,steak,viande,viande rouge
🍗	cuisse de poulet	cuisse,cuisse de poulet,dinde,nourriture,os,poulet,volaille
🍖	viande sur un os	nourriture,os,viande,viande sur un os
🌭	hot dog	hot dog,nourriture,saucisse,saucisse de Francfort
🍔	hamburger	burger,cheeseburger,fast food,hamburger,nourriture
🍟	frites	fast food,frites,potatoes,potatœs
🍕	pizza	fromage,nourriture,part,pepperoni,pizza,tranche
🥪	sandwich	nourriture,pain,pain de mie,pique-nique,sandwich
🌮	taco	mexicain,nourriture,taco
🌯	burrito	burrito,kebab,mexicain,wrap
🥗	salade verte	nourriture,salade,verte
🥘	plat mitonné	casserole,Espagne,paella,plat,plat mitonné,poêle,riz
🍝	spaghetti	italien,nourriture,pâtes,restaurant,sauce bolognaise,spaghetti
🍜	bol fumant	bol,bol fumant,nouilles,nourriture,ramen,vapeur
🍲	marmite	marmite,nourriture,ragoût
🍛	riz au curry	curry,nourriture,riz,riz au curry
🍣	sushi	japonais,nourriture,poisson,riz,sushi
🍱	boîte déjeuner	bento,boîte,déjeuner,nourriture
🥟	boulette de pâte	boulette de pâte,dumpling,empanada,gyoza,jiaozi,pierogi,potsticker,ravioli
🍤	beignet de crevette	beignet de crevette,crevette
🍙	boulette de riz	boulette de riz,japonais,nourriture,onigiri,plat,riz
🍚	bol de riz	bol de riz,nourriture,riz
🍘	galette de riz	cracker,galette de riz,nourriture,riz
🍥	croquette de poisson	croquette de poisson,gâteau,narutomaki,nourriture,poisson,restaurant,surimi
🍡	brochette de bonbons	bonbons,brochette de bonbons,dango,dessert,japonais,nourriture
🍦	glace italienne	cornet de glace,dessert,glace,glace italienne,nourriture,sucré
🍰	gâteau sablé	dessert,gâteau,gâteau sablé,goûter,nourriture,pâtisserie,sucré
🎂	gâteau d’anniversaire	anniversaire,bougies,dessert,fête,gâteau,gâteau d’anniversaire,goûter,joyeux anniversaire,nourriture,pâtisserie
🍮	crème renversée	crème renversée,dessert,flan,nourriture,pudding,sucré
🍭	sucette	dessert,goûter,nourriture,sucette,sucré,sucrerie
🍬	bonbon	bonbon,dessert,goûter,nourriture,sucré,sucrerie
🍫	barre chocolatée	barre,barre chocolatée,chocolat,dessert,goûter,nourriture,sucré
🍿	pop-corn	cinéma,nourriture,pop-corn
🍩	doughnut	dessert,donut,doughnut,goûter,nourriture,sucré,sucrerie
🍪	cookie	biscuit,cookie,dessert,gâteau,goûter,nourriture,pépites de chocolat,sucré
☕	boisson chaude	boisson,boisson chaude,café,caféine,matin,thé
🍵	tasse	boisson,tasse,tasse de thé sans anse,thé
🥤	gobelet avec paille	boisson,eau,gobelet avec paille,jus de fruit,jus de fruits,soda,verre avec une paille
🍶	saké	boisson,bouteille,bouteille et verre,restaurant,saké,verre
🍺	chope	alcool,bar,bière,boisson,chope,chope de bière,oktoberfest,picoler,pinte,santé
🍻	chopes de bière	alcool,bière,boisson,chopes de bière,santé,tchin,trinquer
🥂	trinquer	alcool,célébrer,champagne,fêter,santé,tchin,trinquer,verre,verres
🍷	verre de vin	alcool,bar,boisson,club,restaurant,verre,verre à vin,verre de vin,vin
🥃	verre tumbler	alcool,liqueur,tumbler,verre,whisky
🍸	cocktail	alcool,bar,boisson,club,cocktail,martini,verre,verre à cocktail,verre à pied
🍹	cocktail tropical	alcool,bar,boîte,cocktail,cocktail tropical,fête,tequila sunrise,verre
🍾	bouteille de champagne	alcool,boisson,bouchon,bouteille,bouteille de champagne,champagne,félicitations,fête,pop
🥄	cuillère	couvert,cuillère,manger
🍴	fourchette et couteau	couteau et fourchette,couverts,faim,fourchette et couteau,manger,nourriture,repas,restaurant
🍽	fourchette et couteau avec assiette	assiette,assiette et couverts,couteau,cuisine,fourchette,fourchette et couteau avec assiette,restaurant,table
🥢	baguettes	baguettes,hashi
⚽	ballon de football	balle,ballon,ballon de football,football,sport
🏀	basket	ballon,basket,basket-ball,panier,sport
🏈	football américain	ballon,football américain,sport,Super Bowl
⚾	baseball	balle,balle de baseball,baseball,sport
🎾	tennis	balle,balle de tennis,sport,tennis
🏐	volley-ball	ballon,jeu,match,sport,volley,volley-ball
🏉	rugby	ballon,rugby,sport
🎱	boule de billard	8,billard,boule de billard,boule magique,huit,jeu,pool
🏓	ping-pong	balle,jeu,partie,ping-pong,raquette,sport,tennis de table
🏸	badminton	badminton,jeu,match,raquette,sport,volant
🥅	cage	but,cage,filet,sport
🏒	hockey sur glace	crosse,hockey,hockey sur glace,palet,sport
🏑	hockey sur gazon	balle,crosse,hockey,hockey sur gazon,sport
🏏	cricket	balle,balle de cricket,batte,cricket,jeu,match,sport
⛳	drapeau de golf	drapeau de golf,golf,sport,trou
🏹	arc et flèche	arc,arc et flèche,archer,astrologie,flèche,horoscope,Sagittaire,sport,tir à l’arc,zodiaque
🎣	pêche à la ligne	canne à pêche,pêche,pêche à la ligne,sport
🥊	gant de boxe	boxe,gant,gant de boxe,sport
🥋	tenue d’arts martiaux	arts martiaux,judo,karaté,kimono,sport,taekwondo,tenue,tenue d’arts martiaux
⛸	patin à glace	glace,patin,patin à glace,patiner,patinoire,sport
🎿	ski	neige,ski,sport
⛷	skieur	neige,ski,skieur,sport
🏂	snowboardeur	homme,neige,ski,snowboard,snowboardeur,sport
🏋️	haltérophile	bodybuilding,entraînement,force,haltérophile,haltérophilie,homme,lever des poids,muscles,personne,poids,sport
🤼	personnes faisant de la lutte	bataille,lutte,lutteur,lutteurs,personnes,personnes faisant de la lutte,sport
🤸	personne faisant la roue	agilité,athlète,faire la roue,femme faisant la roue,gymnaste,gymnastique,personne,personne faisant la roue,roue,sport
⛹️	personne avec ballon	athlétique,ballon,basket-ball,basketteur,dribble,joueur,match,personne,personne avec ballon,rebond,sport
🤺	escrimeur	épée,escrime,escrimeur,escrimeuse,personne,sport
🤾	personne jouant au handball	athlète,ballon,handball,handballeur,lancer,personne,personne jouant au handball,sport
🏌️	joueur de golf	balle,golf,golfeur,green,homme,joueur de golf,personne,pga,pitch,sport
🏇	course hippique	cheval,course de chevaux,course hippique,jockey,sport
🧘	personne dans la posture du lotus	détendu,femme,lotus,méditation,personne assise en position du lotus,personne dans la posture du lotus,position du lotus,relax,relaxation,tailleur,yoga,zen
🏄	personne faisant du surf	glisse,homme,mer,océan,personne,personne faisant du surf,plage,planche,sport,surf,vagues
🏊	personne nageant	crawl,eau,exercice,homme,nage,nageur,natation,personne,personne nageant,piscine,sport
🤽	personne jouant au water-polo	ballon,homme qui joue au water-polo,personne,personne jouant au water-polo,piscine,sport,water-polo
🚣	personne ramant dans une barque	barque,bateau,lac,naviguer,pêche,personne,personne ramant dans une barque,ramer,rameur,rivière,sport
🧗	personne qui grimpe	alpiniste,escalader,grimper,grimpeur,montagne,personne qui escalade,personne qui grimpe,sport
🚴	cycliste	course,cycliste,guidon,homme,pédaler,personne,rouler,sport,tour de france,vélo
🚵	personne en VTT	coureur,cyclisme,grimper,homme en VTT,montagne,personne,personne en VTT,sport,tour de France,vélo,VTT
🎪	chapiteau	chapiteau,cirque
🎭	spectacle vivant	acteur,actrice,art,masque,spectacle,spectacle vivant,théâtre
🎨	palette de peinture	art,artiste,couleurs,musée de peinture,palette de peinture,peindre,peintre,peinture
🎬	clap	action,ça tourne,clap,film
🎤	micro	chanter,karaoke,karaoké,micro,microphone,musique
🎧	casque	casque,écouteur,écouteurs,musique,son
🎼	partition	musique,note,partition
🎹	piano	clavier,instrument,musique,piano,touches
🥁	batterie	baguette,baguettes,batterie,musique,tambour
🎷	saxophone	instrument,musique,saxophone
🎺	trompette	instrument,musique,trompette
🎸	guitare	guitare,guitare électrique,instrument,musique
🎻	violon	instrument,musique,violon
🎲	dés	dé,dés,hasard,jeu
🎯	dans le mille	cible,dans le mille,fléchettes,jeu
🎳	bowling	boule,bowling,jeu,partie,quilles,sport,strike
🎮	jeu vidéo	jeu vidéo,joystick,manette,playstation,xbox
🎰	machine à sous	casino,jeu,machine à sous
🧩	pièce de puzzle	assemblage,énigme,indice,interloqué,pièce de puzzle,pièce manquante,puzzle
🏆	trophée	champion,championne,coupe,gagner,prix,trophée,victoire
🥇	médaille d’or	1er,médaille,médaille d’or,or,premier
🥈	médaille d’argent	2e,argent,deuxième,médaille,médaille d’argent
🥉	médaille de bronze	3e,bronze,médaille,médaille de bronze,troisième
🏅	médaille sportive	champion,championne,médaille,médaille d’or,médaille sportive,sport,vainqueur,victoire
🎖	médaille militaire	médaille,médaille militaire
🎗	ruban de mémoire	mémoire,ruban,ruban de mémoire,souvenir
🎫	billet	billet,place,spectacle
🎟	billet d’entrée	billet d’entrée,place,spectacle
🚗	voiture	automobile,conduire,moyen de transport,véhicule,voiture,voyage
🚕	taxi	moyen de transport,taxi,taxi jaune,uber,véhicule
🚙	véhicule utilitaire sport	automobile,conduire,loisirs,moyen de transport,véhicule de loisirs,véhicule utilitaire sport,voiture,voyage
🚌	bus	bus,école,moyen de transport,véhicule
🚎	trolleybus	bus,moyen de transport,tram,tramway,trolley,trolleybus
🏎	voiture de course	course,course automobile,formule 1,voiture,voiture de course
🚓	voiture de police	flic,patrouille,police,véhicule,voiture de police
🚑	ambulance	ambulance,urgences,véhicule
🚒	camion de pompier	camion de pompier,pin-pon,pompier
🚐	minibus	bus,minibus,moyen de transport,navette,véhicule
🚚	camion de livraison	camion,camion de livraison,camionnette,moyen de transport,véhicule
🚛	semi-remorque	camion,moyen de transport,poids lourd,semi,semi-remorque,véhicule
🚜	tracteur	moyen de transport,tracteur,véhicule
🛴	trottinette	trottinette
🚲	vélo	bicyclette,cyclisme,moyen de transport,vélo,voyage
🛵	scooter	scooter
🏍	moto	course,moto
🚨	gyrophare	alarme,alerte,gyrophare,lumière,police,sirène,urgences,voiture
🚔	voiture de police de face	police,véhicule,voiture de police de face,voiture de police qui arrive
🚍	bus de face	bus,bus de face,bus qui arrive,car,moyen de transport
🚘	voiture de face	automobile,conduire,moyen de transport,véhicule,voiture,voiture de face,voiture qui arrive,voyage
🚖	taxi de face	joe le taxi,new york,taxi,taxi de face,taxi jaune,uber,voiture
🚡	tramway aérien	moyen de transport,télécabine,tramway,tramway aérien
🚠	téléphérique	montagne,moyen de transport,ski,télécabine,téléphérique
🚟	train suspendu	moyen de transport,train,train suspendu,voyage
🚃	wagon	chemin de fer,moyen de transport,rail,train,tram,tramway,voiture,voyage,wagon
🚋	wagon de tramway	moyen de transport,tram,trolleybus,voiture,voyage,wagon de tramway
🚞	train de montagne	chemin de fer,moyen de transport,rail,train,train de montagne,voyage,wagon
🚝	monorail	monorail,moyen de transport,véhicule
🚄	TGV	chemin de fer,moyen de transport,rail,rapide,TGV,train,train à grande vitesse,vitesse,voyage
🚅	train à grande vitesse	chemin de fer,moyen de transport,rail,rapide,TGV,train,train à grande vitesse,voyage
🚈	métro léger	métro,métro léger,monorail,moyen de transport,rail,RER
🚂	locomotive	chemin de fer,locomotive,machine à vapeur,moyen de transport,rail,tchou tchou,train,vapeur,voyage
🚆	train	arrivée,chemin de fer,moyen de transport,rail,train,voyage
🚇	métro	métro,moyen de transport
🚊	tramway	moyen de transport,RER,tram,tramway,transport,trolley,trolleybus
🚉	gare	chemin de fer,gare,moyen de transport,rail,RER,train
✈️	avion	avion,avion en vol,jet,moyen de transport,véhicule,vol,voyage
🛫	avion au décollage	avion,avion au décollage,décollage,départ,moyen de transport,voyage
🛬	avion à l’atterrissage	arrivée,atterrissage,avion,avion à l’atterrissage,moyen de transport,voyage
🚀	fusée	décollage,espace,fusée,moyen de transport,voyage
🛸	soucoupe volante	alien,extraterrestre,ovni,OVNI,soucoupe volante
🚁	hélicoptère	hélico,hélicoptère,moyen de transport,véhicule
🛶	canoë	bateau,canoë,rame,ramer
⛵	voilier	bateau,mer,moyen de transport,plaisance,voilier,voyage,yacht
🚤	hors-bord	bateau,été,hors-bord,luxe,moyen de transport,vedette,voyage
🛳	paquebot	bateau,croisière,paquebot,voyage
⛴	ferry	bateau,ferry,moyen de transport,voyage
🚢	navire	bateau,croisière,moyen de transport,navire,paquebot,Titanic,voyage
⚓	ancre	ancre,bateau,outil,voyage
🚧	travaux	barrière,travaux
⛽	pompe à essence	diesel,essence,gazole,pompe à essence,station
🗺	carte du monde	carte,carte du monde,monde,planisphère,voyage
🗿	moai	île de Pâques,moai,moaï,monolithe,statue,voyage
🗽	statue de la Liberté	liberté,New York,statue,statue de la liberté,statue de la Liberté,voyage
🗼	tour de Tokyo	Japon,Tokyo,tour,tour de Tokyo,voyage
🏰	château	bâtiment,château,européen,voyage
🏯	château japonais	bâtiment,château,japonais,voyage
🏟	stade	stade
🎡	grande roue	attractions,grande roue,parc d’attractions,roue
🎢	montagnes russes	attractions,montagnes,parc d’attractions,russes
🎠	cheval de manège	cheval,cheval de manège,manège
⛲	fontaine	eau,fontaine
⛱	parasol sur le sol	météo,parapluie,parapluie au sol,parasol,parasol sur le sol,plage,pluie,soleil,voyage
🏖	plage avec parasol	parasol,plage,plage avec parasol,voyage
🏝	île déserte	cocotier,île,île déserte,palmier,voyage
🏜	désert	désert,voyage
🌋	volcan	éruption,lave,nature,volcan
⛰	montagne	montagne,nature,sommet,voyage
🏔	montagne enneigée	froid,montagne,montagne enneigée,neige,sommet,voyage
🗻	mont Fuji	mont Fuji,montagne,nature,sommet,voyage
🏕	camping	camping,nature,tente avec un sapin,voyage
⛺	tente	camping,nature,tente,voyage
🏠	maison	bâtiment,foyer,maison,maison simple,pavillon,résidentiel
🏡	maison avec jardin	foyer,jardin,maison,maison avec jardin,pavillon,résidentiel
🏘	maisons	bâtiment,bâtiments,maison,maisons,pavillons
🏢	immeuble de bureaux	bureaux,immeuble,immeuble de bureaux,ville
🏣	bureau de poste japonais	bâtiment,bureau de poste japonais,Japon,poste,poste japonaise,voyage
🏥	hôpital	bâtiment,docteur,hôpital,médecin,urgences
🏦	banque	banque,bâtiment
🏨	hôtel	bâtiment,hôtel,voyage
🏪	supérette	24h/24,bâtiment,épicerie,magasin,supérette,supermarché
🏫	école	bâtiment,école
🏬	grand magasin	bâtiment,centre commercial,grand magasin,magasin
🏭	usine	bâtiment,usine
⛪	église	bâtiment,chapelle,chrétien,croix,église,religion,voyage
🕌	mosquée	islam,mosquée,musulman,musulmane,religion,voyage
🕍	synagogue	judaïsme,juif,juive,religion,synagogue,temple,voyage
🌃	nuit étoilée	étoiles,nuit,nuit étoilée,ville,voyage
🌆	ville au crépuscule	coucher de soleil,crépuscule,immeubles,soir,soleil,tombée de la nuit,ville,ville au crépuscule,voyage
🌇	coucher de soleil	coucher de soleil,coucher de soleil en ville,crépuscule,soir,soleil,tombée de la nuit,ville,voyage
🌉	pont de nuit	nuit,pont,pont de nuit
🌌	voie lactée	espace,voie lactée
🌁	brume	brouillard,brume,voyage
⌚	montre	heure,montre
📱	téléphone portable	communication,smartphone,téléphone,téléphone portable
💻	ordinateur portable	bureau,ordinateur,ordinateur portable,travail
⌨️	clavier	clavier,informatique,ordinateur
🖥	ordinateur de bureau	moniteur,ordinateur,ordinateur de bureau
🖨	imprimante	imprimante,imprimer,ordinateur
🖱	souris d’ordinateur	informatique,souris,souris d’ordinateur
💽	disque d’ordinateur	disque,disque d’ordinateur,minidisc
💾	disquette	disque,disquette,informatique,ordinateur
💿	CD	blu-ray,CD,disque,DVD
📷	appareil photo	appareil photo,photo,selfie,vidéo
📸	appareil photo avec flash	appareil photo,appareil photo avec flash,flash
📹	caméscope	caméra,caméscope,filmer,vidéo
🎥	caméra	caméra,cinéma,film,filmer,réalisateur,réalisatrice,vidéo
📞	combiné téléphonique	combiné téléphonique,communication,téléphone
☎️	téléphone	téléphone,téléphone rouge
📟	bipeur	bip,bipeur,communication,pager
📠	fax	communication,fax,télécopieur
📺	téléviseur	petit écran,télé,téléviseur,télévision,TV
📻	radio	actualités,communication,loisirs,musique,radio,vidéo
🎙	micro de studio	chant,enregistrement,micro,micro de studio,microphone,musique,studio
⏱	chronomètre	chronomètre,heure,temps
⏲	horloge	heure,horloge,minuteur,temps
⏰	réveil	alarme,attendre,dring,heure,matin,retard,réveil,sonnerie
🕰	pendule	horloge,horloge posée,pendule
⌛	sablier	chronomètre,minuteur,sable,sablier,temps
⏳	sablier avec sable qui coule	attendre,chronomètre,minuteur,sable,sablier,sablier avec sable qui coule,temps
📡	antenne satellite	antenne,antenne parabolique,parabole,satellite,science
🔋	pile	pile
🔌	câble avec fiche électrique	branché,câble avec fiche électrique,électricité,prise,prise électrique
💡	ampoule	allumer,ampoule,bande dessinée,BD,dessin,idée,lampe,lumière
🔦	torche	lampe électrique,lampe torche,lumière,outil,torche
🕯	bougie	bougie,chandelle,lumière
🗑	corbeille à papiers	corbeille,corbeille à papiers,poubelle
🛢	baril de pétrole	baril,baril de pétrole,pétrole
💸	billet avec des ailes	ailes,argent,billet,billet avec des ailes,billet de banque,dollars,payer
💵	billet en dollars	argent,billet,billet de banque,billet en dollars,dollar,payer
💴	billet en yens	argent,billet,billet de banque,billet en yens,payer,yens
💶	billet en euros	argent,billet,billet de banque,billet en euros,euros,payer
💷	billet en livres	argent,billet,billet de banque,billet en livres,livres,payer
💰	sac plein d’argent	argent,avare,banque,dollar,parier,payer,sac,sac d’argent,sac plein d’argent
💳	carte bancaire	argent,bancaire,banque,carte,carte de crédit,payer
💎	pierre précieuse	argent,bijou,diamant,fiançailles,joyau,mariage,pierre précieuse,romantique
⚖️	balance à poids	astrologie,balance,balance à poids,horoscope,justice,poids,zodiaque
🔧	clé à molette	clé,clé à molette,outil,travaux
🔨	marteau	marteau,outil,réparer,travaux
⚒	marteau et pioche	burin,marteau,marteau et burin,marteau et pioche,outil,outils,pioche
🛠	marteau et clé à molette	clé,clé à molette,marteau,marteau et clé à molette,outil,outils
⛏	pioche	mine,outil,pioche
🔩	vis et écrou	boulon,écrou,outil,travaux,vis,vis et écrou
⚙️	roue dentée	engrenage,outil,roue dentée
⛓	chaînes	chaîne,chaînes
🔫	pistolet à eau	arme,arme à feu,flingue,pistolet,pistolet à eau,revolver
💣	bombe	bande dessinée,BD,bombe,boum,danger,dessin,explosion
🔪	couteau de cuisine	arme,chef,couteau,couteau de cuisine,cuisine,outil
🗡	dague	arme,couteau,dague,poignard
⚔️	épées croisées	arme,armes,croisées,épées
🛡	bouclier	arme,bouclier
🚬	cigarette	cigarette,cigarette allumée,fumer,fumeur,signe Fumeur
⚰️	cercueil	cercueil,enterrement,mort,obsèques,vampire
🔮	boule de cristal	avenir,boule de cristal,cristal,magie,voyant,voyante
📿	chapelet	accessoire,chapelet,collier,perles,prière,religion,vêtements
💈	enseigne de barbier	barbier,coiffeur,coiffure,enseigne,enseigne de barbier,salon
⚗️	alambic	alambic,chimie,outil
🔭	télescope	astronomie,espace,outil,planètes,science,télescope
🔬	microscope	expérience,laboratoire,microscope,outil,science
🕳	trou	trou
💊	pilule	docteur,gélule,malade,médecine,médicament,pilule,vitamines
💉	seringue	aiguille,docteur,malade,médecine,piqûre,seringue,vaccin,vaccination
🌡	thermomètre	météo,thermomètre
🚽	toilettes	cabinets,toilettes,WC
🚿	douche	douche,eau,pommeau de douche
🛁	baignoire	baignoire,bain,mousse
🔑	clé	clé,mot de passe,ouvrir,serrure
🗝	clé ancienne	clé,clé ancienne,fermer,indice,serrure,verrouiller
🚪	porte	placard,porte,porte d’entrée
🛋	canapé et lampe	canapé,canapé avec une lampe,canapé et lampe,lampe
🛏	lit	dormir,hôtel,lit
🖼	cadre avec image	art,cadre avec image,image,musée,peinture,tableau,tableau encadré
🛍	sacs de shopping	achats,courses,sac,sacs,sacs de shopping,shopping
🎁	cadeau	anniversaire,cadeau,cadeau emballé,fête,Noël,nœud,surprise
🎈	ballon gonflable	anniversaire,ballon,ballon de baudruche,ballon gonflable,fête
🎏	koinobori	carpe,fête,koinobori
🎀	ruban	fête,nœud,ruban,ruban rose
🎊	confettis	anniversaire,confettis,fête
🎉	cotillons	anniversaire,cotillons,fête,super
✉️	enveloppe	courrier électronique,e-mail,enveloppe,lettre,message
📩	enveloppe avec flèche	communication,courriel,courrier électronique,e-mail,enveloppe,enveloppe avec flèche,envoi,envoyer,flèche,message,message électronique,message envoyé
📨	message reçu	courriel,courrier,courrier électronique,e-mail,enveloppe,envoyer,lettre,message,message électronique,message reçu,recevoir
📧	e-mail	courriel,courrier électronique,e-mail,lettre,message
📦	colis	boîte,colis,livraison,paquet
📪	boîte aux lettres fermée drapeau baissé	boîte aux lettres,boîte aux lettres fermée drapeau baissé,courrier
📫	boîte aux lettres fermée drapeau levé	boîte aux lettres,boîte aux lettres fermée drapeau levé,courrier
📬	boîte aux lettres ouverte drapeau levé	boîte aux lettres,boîte aux lettres ouverte drapeau levé,courrier
📭	boîte aux lettres ouverte drapeau baissé	boîte aux lettres,boîte aux lettres ouverte drapeau baissé,courrier
📮	boîte aux lettres	boîte aux lettres,courrier,poste
📝	mémo	bloc-notes,crayon,écrire,mémo
✏️	crayon	crayon,crayon à papier,gomme,mine
🖊	stylo	écrire,stylo,stylo bille,stylo-bille
🖋	stylo plume	écrire,stylo,stylo plume
📏	règle	fournitures,mathématiques,règle,règle plate
📐	équerre	équerre,fournitures,mathématiques
📌	punaise	fournitures,punaise
📎	trombone	fournitures,trombone
🔗	chaînons	chaîne,chaînons,maillons,mousqueton
📚	livres	apprendre,bibliothèque,école,enseignement,étudier,lecture,lire,littérature,livres,manuels scolaires,roman,savoir
📖	livre ouvert	apprendre,bibliothèque,école,enseignement,étudier,lecture,lire,littérature,livre ouvert,manuel scolaire,roman,savoir
📰	journal	actualités,communication,gros titres,journal,presse,une
🗞	journal roulé	actualités,journal,journal roulé,presse
🔖	marque-page	marque-page,marqueur,signet
🏷	étiquette	étiquette
💼	porte-documents	accessoire,bureau,cartable,porte-documents
📁	dossier	dossier,fichier,répertoire
📂	dossier ouvert	dossier,dossier ouvert,ouvrir,ouvrir le dossier,répertoire
🗂	intercalaires	classement,classeur,index,intercalaire,intercalaires
📅	calendrier	calendrier,date
📆	éphéméride	agenda,calendrier,date,éphéméride,planning
🗓	calendrier à spirale	bloc-notes,calendrier,calendrier à spirale,calendrier à spirales
📇	carnet d’adresses	carnet d’adresses,carte,fiche,index,rolodex,vintage
📈	graphique en hausse	croissance,données,graphique,graphique en hausse,hausse,haut,tendance
📉	graphique en baisse	baisse,bas,chute,données,graphique,graphique en baisse,négatif,tendance
📊	graphiques à barres	données,graphique,graphiques à barres
📋	porte-bloc	fournitures,liste,porte-bloc,presse-papiers
🗒	bloc-notes à spirale	bloc-notes à spirale,bloc-notes à spirales,cahier,notes
🗃	boîte à dossiers	boîte à dossiers,classeur,dossier
🗄	meuble à dossiers	classement,classer,classeur,dossier,meuble,meuble à dossiers
🔍	loupe orientée à gauche	agrandir,chercher,détective,loupe,loupe gauche,loupe orientée à gauche,recherche
🔎	loupe orientée à droite	agrandir,chercher,détective,loupe,loupe droite,loupe orientée à droite,recherche
🔒	cadenas fermé	cadenas,cadenas fermé,privé,verrouillé,verrouiller
🔓	cadenas ouvert	cadenas,déverrouiller,ouvert,ouvrir
❤️	cœur rouge	amour,cœur,cœur rouge,sentiment
🧡	cœur orange	coeur orange,cœur orange,orange
💛	cœur jaune	amour,cœur,cœur jaune,sentiment
💚	cœur vert	amour,cœur,sentiment,vert
💙	cœur bleu	amour,cœur,cœur bleu,sentiment
💜	cœur violet	amour,cœur,sentiment,violet
🖤	cœur noir	cœur,noir
💔	cœur brisé	amour,cœur,cœur brisé,malheureux,sentiment,séparé,triste
❣️	cœur point d’exclamation	amour,cœur,cœur point d’exclamation,exclamation,ponctuation
💕	deux cœurs	amour,anniversaire,cœurs,deux cœurs,deux cœurs roses,petits cœurs,rendez-vous,sentiment
💞	cœurs qui tournent	amour,anniversaire,cœurs,cœurs qui tournent,deux cœurs,sentiment,tourbillon
💓	cœur battant	amour,cardio,cœur,cœur battant,cœur qui bat,pulsations,sentiment
💗	cœur grandissant	amour,cœur,cœur battant,cœur grandissant,cœur qui bat,pulsations,sentiment
💖	cœur étincelant	amour,cœur,cœur étincelant,étincelles,sentiment
💘	cœur et flèche	amour,cœur,cœur et flèche,coeur transpercé,Cupidon,flèche,sentiment
💝	cœur avec ruban	amour,anniversaire,cœur,cœur avec ruban,ruban,Saint-Valentin,sentiment
☮️	symbole de paix	paix,paix et amour,peace and love,symbole de paix
✝️	croix latine	chrétien,chrétienne,croix,croix latine,religion
☪️	lune et étoile	étoile,islam,lune,lune et étoile,musulman,musulmane,ramadan,religion
🕉	om	hindou,om,religion
☸️	roue du Dharma	bouddhisme,bouddhiste,dharma,religion,roue,roue de dharma,roue du Dharma
✡️	étoile de David	David,étoile,étoile de David,judaïsme,juif,Juif,juive,religion
🔯	étoile à 6 branches	chance,étoile,étoile à 6 branches,judaïsme,juif,juive
🕎	chandelier à sept branches	candélabre,chandelier,chandelier à sept branches,Hanoucca,Hanoukka,judaïsme,juif,juive,menora,menorah,religion
☯️	yin yang	complémentaire,religion,tao,taoïsme,yang,yin
☦️	croix orthodoxe	chrétien,chrétienne,croix,croix orthodoxe,religion
⛎	serpentaire	ophiuchus,Ophiuchus,serpent,serpentaire,zodiaque
♈	bélier zodiaque	astrologie,Bélier,horoscope,zodiaque
♉	taureau	astrologie,horoscope,taureau,Taureau,zodiaque
♊	gémeaux	astrologie,gémeaux,Gémeaux,horoscope,zodiaque
♋	cancer	astrologie,cancer,Cancer,crabe,horoscope,zodiaque
♌	lion	astrologie,horoscope,lion,Lion,zodiaque
♍	vierge	astrologie,horoscope,vierge,Vierge,zodiaque
♎	balance	astrologie,balance,Balance,horoscope,justice,zodiaque
♏	scorpion zodiaque	astrologie,horoscope,Scorpion,zodiaque
♐	sagittaire	astrologie,horoscope,sagittaire,Sagittaire,zodiaque
♑	capricorne	astrologie,capricorne,Capricorne,chèvre,horoscope,zodiaque
♒	verseau	astrologie,eau,horoscope,verseau,Verseau,zodiaque
♓	poissons	astrologie,horoscope,poissons,Poissons,zodiaque
🆔	bouton Identifiant	bouton,icône Identifiant,ID,identifiant
⚛️	symbole de l’atome	athée,atome,symbole de l’atome
🉑	bouton accepter en japonais	acceptable,accepter,bouton accepter en japonais,idéogramme,japonais
☢️	radioactif	radioactif,radioactivité,symbole
☣️	danger biologique	danger,danger biologique,symbole
📴	téléphone éteint	éteindre,portable,téléphone,téléphone éteint
📳	mode vibreur	communication,mode vibreur,portable,téléphone,vibreur
🈶	bouton pas gratuit en japonais	bouton pas gratuit en japonais,idéogramme,japonais,pas gratuit,payant
🈚	bouton gratuit en japonais	bouton gratuit en japonais,gratuit,idéogramme,japonais
🈸	bouton application en japonais	application,bouton application en japonais,idéogramme,idéogramme appliquer,japonais
🈺	bouton ouvert pour affaires en japonais	bouton ouvert pour affaires en japonais,idéogramme,japonais,ouvert,ouvert pour affaires
🈷️	bouton montant mensuel en japonais	bouton montant mensuel en japonais,idéogramme,japonais,montant mensuel
✴️	étoile huit branches	*,astérisque,étoile,étoile huit branches,huit
🆚	bouton VS	bouton VS,contre,icône Contre,versus,vs
💮	fleur blanche	fleur,fleur blanche
🉐	bouton bonne affaire en japonais	bonne affaire,bouton bonne affaire en japonais,idéogramme,idéogramme avantage,japonais
㊙️	bouton secret en japonais	bouton secret en japonais,idéogramme,japonais,secret
㊗️	bouton félicitations en japonais	bouton félicitations en japonais,félicitations,idéogramme,japonais
🈴	bouton note pour réussir en japonais	bouton note pour réussir en japonais,idéogramme,japonais,note de passage,note pour réussir
🈵	bouton complet en japonais	bouton complet en japonais,complet,idéogramme,idéogramme plénitude,japonais
🈹	bouton réduction en japonais	bouton réduction en japonais,idéogramme,japonais,rabais,réduction
🈲	bouton interdit en japonais	bouton interdit en japonais,idéogramme,idéogramme interdit,japonais
🅰️	groupe sanguin A	A,groupe sanguin,groupe sanguin A
🅱️	groupe sanguin B	B,groupe sanguin,groupe sanguin B
🆎	groupe sanguin AB	AB,groupe sanguin,groupe sanguin AB
🆑	bouton Effacer	bouton Effacer,CL,effacer,icône Effacer
🅾️	groupe sanguin O	groupe sanguin,groupe sanguin O,O
🆘	bouton SOS	à l’aide,au secours,bouton SOS,icône SOS,SOS
❌	croix	×,annuler,croix,croix rouge,multiplication,multiplier,x
⭕	cercle rouge	0,anneau,cercle,gros cercle,o,O,rouge
🛑	stop	octogonal,panneau,signe,stop
⛔	sens interdit	circulation,entrée interdite,interdiction,interdit,non,panneau,sens interdit
📛	badge nominatif	badge,badge nominatif,nom
🚫	symbole d’interdiction	entrée interdite,interdiction,interdit,symbole d’interdiction
💯	cent points	100,cent,cent points,score
💢	symbole de colère	bande dessinée,BD,colère,dessin,furieux,symbole de colère
♨️	sources chaudes	chaud,source,sources chaudes,vapeur
🚷	interdit aux piétons	interdiction,interdit,interdit aux piétons
🚯	dépôt d’ordures interdit	déchets,dépôt d’ordures interdit,interdiction,interdit,ne pas jeter
🚳	vélos interdits	bicyclette,interdiction,interdit,vélo,vélos interdits
🚱	eau non potable	eau,eau non potable,imbuvable,interdiction,interdit,ne pas boire
🔞	18 ans et plus	18 ans et plus,dix-huit,interdiction,interdit,interdit aux mineurs,interdit aux moins de dix-huit ans,limite d’âge,majorité,mineur
📵	téléphones portables interdits	interdiction,interdit,portable,téléphone,téléphones portables interdits
❗	point d’exclamation rouge	!,exclamation,point d’exclamation,point d’exclamation rouge,ponctuation
❓	point d’interrogation rouge	?,interrogation,point d’interrogation,point d’interrogation rouge,ponctuation,question
❕	point d’exclamation blanc	!,exclamation,point d’exclamation blanc,ponctuation,surprise
❔	point d’interrogation blanc	?,interrogation,point d’interrogation blanc,ponctuation,question
‼️	double point d’exclamation	!,!!,double point d’exclamation,exclamation,point,ponctuation,surprise
⁉️	points d’exclamation et d’interrogation	!,!?,?,exclamation,interrogation,point d’exclamation et d’interrogation,points d’exclamation et d’interrogation,ponctuation,question,surprise
🔅	luminosité faible	brillance,lumière,luminosité,luminosité faible,soleil
🔆	luminosité élevée	brillance,lumière,luminosité,luminosité élevée,soleil
〽️	alternance	alternance,symbole
⚠️	symbole d’avertissement	attention,avertissement,symbole d’avertissement
🚸	traversée d’enfants	circulation,école,enfants,piétons,traversée d’enfants
🔱	trident	ancre,bateau,fourche,mer,Poséidon,trident
⚜️	fleur de lys	blason,fleur de lis,fleur de lys,reine,roi,royauté française
🔰	symbole japonais de débutant	chevron,chevron jaune et vert,débutant,symbole japonais,symbole japonais de débutant
♻️	symbole Recyclage	recyclage,symbole Recyclage
✅	bouton coché	✓,bouton coché,carré,coche,coche blanche,marque,OK,oui,sélection,terminé,voilà
🈯	bouton réservé en japonais	bouton réservé en japonais,idéogramme,japonais,réservé
💹	courbe avec yen en hausse	banque,courbe avec yen en hausse,croissance,devise,graphique,hausse,marché,monnaie,tendance,yen
❇️	éclat	*,briller,éclat,étinceler,étincelle,scintiller
✳️	astérisque huit branches	*,astérique,astérique huit branches,astérisque,astérisque huit branches,étoile,huit
❎	bouton croix	×,bouton croix,croix,multiplier,vert,x
🌐	globe avec méridiens	globe avec méridiens,globe terrestre,Internet,méridiens,monde,net,toile
💠	diamant avec un point	bande dessinée,BD,dessin,diamant,diamant avec un point,géométrie,géométrique,intérieur
Ⓜ️	m encerclé	cercle,m,m encerclé
🌀	cyclone	cyclone,spirale,tourbillon,typhon,vertige
💤	endormi	bande dessinée,BD,bonne nuit,dormir,endormi,fatigué,ronfler,zzz
🏧	distributeur de billets	argent,banque,dab,distributeur,distributeur automatiques de billets,distributeur de billets,guichet automatique,retrait
🚾	WC	toilettes,WC
♿	symbole Accès handicapés	accès,accès handicapés,fauteuil roulant,mobilité réduite,symbole Accès handicapés
🅿️	bouton P	bouton,P,panneau parking,parking
🈳	bouton chambres disponibles en japonais	bouton chambres disponibles en japonais,chambres disponibles,idéogramme,idéogramme vide,japonais
🈂️	bouton frais de service en japonais	bouton frais de service en japonais,frais de service,idéogramme katakana,japonais
🛂	contrôle des passeports	contrôle,contrôle des passeports,passeport
🛃	douane	douane,douanes
🛄	retrait des bagages	aéroport,arrivée,avion,bagages,retrait des bagages,valise,voyage
🛅	consigne	bagages,casier,clé,consigne,valise
🏳️	drapeau blanc	drapeau,drapeau blanc,drapeau qui flotte au vent
🏴	drapeau noir	drapeau,drapeau noir,drapeau qui flotte au vent
🏁	drapeau à damier	course automobile,damier,drapeau,drapeau à damier,formule 1,ligne d’arrivée,sport automobile,vainqueur
🚩	drapeau triangulaire	drapeau,drapeau rouge,drapeau triangulaire,fanion,golf
🏳️‍🌈	drapeau arc-en-ciel	arc-en-ciel,drapeau,lgbt
🇺🇸	drapeau : États-Unis	drapeau
🇬🇧	drapeau : Royaume-Uni	drapeau
🇨🇦	drapeau : Canada	drapeau
🇦🇺	drapeau : Australie	drapeau
🇳🇿	drapeau : Nouvelle-Zélande	drapeau
🇮🇪	drapeau : Irlande	drapeau
🇫🇷	drapeau : France	drapeau
🇩🇪	drapeau : Allemagne	drapeau
🇪🇸	drapeau : Espagne	drapeau
🇮🇹	drapeau : Italie	drapeau
🇵🇹	drapeau : Portugal	drapeau
🇳🇱	drapeau : Pays-Bas	drapeau
🇧🇪	drapeau : Belgique	drapeau
🇨🇭	drapeau : Suisse	drapeau
🇦🇹	drapeau : Autriche	drapeau
🇸🇪	drapeau : Suède	drapeau
🇳🇴	drapeau : Norvège	drapeau
🇩🇰	drapeau : Danemark	drapeau
🇫🇮	drapeau : Finlande	drapeau
🇮🇸	drapeau : Islande	drapeau
🇵🇱	drapeau : Pologne	drapeau
🇨🇿	drapeau : Tchéquie	drapeau
🇬🇷	drapeau : Grèce	drapeau
🇹🇷	drapeau : Turquie	drapeau
🇷🇺	drapeau : Russie	drapeau
🇺🇦	drapeau : Ukraine	drapeau
🇯🇵	drapeau : Japon	drapeau
🇰🇷	drapeau : Corée du Sud	drapeau
🇨🇳	drapeau : Chine	drapeau
🇮🇳	drapeau : Inde	drapeau
🇧🇷	drapeau : Brésil	drapeau
🇲🇽	drapeau : Mexique	drapeau
🇦🇷	drapeau : Argentine	drapeau
🇿🇦	drapeau : Afrique du Sud	drapeau
🇳🇬	drapeau : Nigeria	drapeau
🇰🇪	drapeau : Kenya	drapeau
🇪🇬	drapeau : Égypte	drapeau
🇮🇱	drapeau : Israël	drapeau
🇸🇦	drapeau : Arabie saoudite	drapeau
🇦🇪	drapeau : Émirats arabes unis	drapeau
🇸🇬	drapeau : Singapour	drapeau
🇹🇭	drapeau : Thaïlande	drapeau
🇻🇳	drapeau : Viêt Nam	drapeau
🇵🇭	drapeau : Philippines	drapeau
🇮🇩	drapeau : Indonésie	drapeau
