😀	faccina con un gran sorriso	allegria,allegro,denti,faccina con un gran sorriso,felice,molto felice,risata,sogghignare,sogghigno,sorriso
😃	faccina con sorriso e occhi spalancati	bocca aperta,che bello,contento,denti,evvai,faccina con un gran sorriso e occhi spalancati,felice,felicità,ottimo,ridere,risata,sorridente,sorridere,sorriso a bocca aperta,urrà
😄	faccina con sorriso e occhi sorridenti	a crepapelle,bene,bocca aperta,faccina che ride,faccina con un gran sorriso e occhi sorridenti,faccina felice,felicità,occhi felici,ridere,risata,sorriso,sorriso a bocca aperta
😁	faccina raggiante con occhi felici	denti,faccina,faccina che ride,faccina che sogghigna,faccina raggiante con occhi felici,molto felice,occhi felici,risata,sogghignare,sogghigno,sogghigno con occhi felici,sorriso
😆	sorriso a bocca aperta con occhi chiusi	ahahah,bocca aperta,faccina felice,faccina sorridente,felicissimo,lol,occhi chiusi,ridere,risata,sorridente,sorriso a bocca aperta con occhi chiusi
😅	faccina con sorriso e goccia di sudore	emozionato,faccina con un gran sorriso e goccia di sudore,felice,goccia,nervoso,sollevato,sollievo,sorriso con goccia di sudore,stressato,sudore,teso
😂	faccina con lacrime di gioia	ahahaha,che ridere,contentissimo,contento,faccina,faccina che piange dal ridere,felice,felicissimo,felicità,gioia,lacrima,lacrime di gioia,lol,piangere dal ridere,ridere,risata,rofl
🙂	faccina con sorriso accennato	contento,faccina,faccina che sorride,faccina con sorriso accennato,felice,mezzo sorriso,ok,sorrisetto,sorriso,sorriso a bocca chiusa,sorriso accennato,va bene
🙃	faccina sottosopra	ah ah,ah ah ah,ahah,ahahah,arrabbiato,capovolto,faccina,sarcastico,scombussolata,sottosopra,triste
😉	faccina che fa l’occhiolino	capirsi,faccina,faccina che fa l’occhiolino,fare l’occhiolino,flirtare,intesa,occhio,occhiolino,sexy,strizzare l’occhio
😊	faccina con occhi sorridenti	arrossire,bocca,faccina,faccina con occhi sorridenti,felice,felicità,imbarazzato,occhi,occhi sorridenti,sorriso,timido
😇	faccina con sorriso e aureola	angelo,angioletto,aureola,faccina sorridente con aureola,innocente,santarellino,santo,sorriso con aureola,spirito
🥰	faccina con cuoricini	amore,cotta,cuoricini,faccina,innamoramento,sorriso,ti amo
😍	faccina con sorriso e occhi a cuore	amore,cuore,faccina,faccina con sorriso e occhi a cuore,innamorato,occhi,occhi a cuore,romantico,sorriso,sorriso con occhi a cuore
😘	faccina che manda un bacio	amore,bacetti,bacini,buona notte,cuore,faccina che manda baci,innamorato,mandare baci,mi manchi,smack,ti amo,ti voglio bene
😗	faccina che bacia	appuntamento,bacio,bocca,buona notte,faccina che manda bacio,flirt,sbaciucchiare
😚	faccina che bacia con occhi chiusi	amore,bacetti,bacio a occhi chiusi,buona notte,faccina,faccina che bacia con occhi chiusi,occhi chiusi,ti amo,ti voglio bene,tvb
😋	faccina che si lecca i baffi	buonissimo,buono,che buono,cibo delizioso,faccina che si lecca i baffi,gnam,golosa,goloso,leccarsi i baffi,slurp
😜	faccina che fa l’occhiolino e mostra la lingua	barzelletta,divertente,faccina che fa l’occhiolino e mostra la lingua,lingua fuori con occhiolino,linguaccia con occhiolino,occhiolino,pazzerello,pazzo,scherzo,sto scherzando,strano,yolo
🤪	faccina impazzita	faccina,faccina con occhi pazzi,faccina impazzita,faccina pazza,grande,inquietante,occhi,occhi diversi,occhio,pazzo,piccolo,sclerato
😝	faccina che strizza gli occhi e mostra la lingua	bleah,faccina,faccina che strizza gli occhi e mostra la lingua,faccina con un gran sorriso che mostra la lingua,lingua,linguaccia,linguaccia con occhi chiusi,non mi piace,occhi chiusi,orribile,terribile
🤗	faccina che abbraccia	abbracciare,abbraccio,ciao,faccina,faccina che abbraccia,imbarazzo,mani,mano,saluti,sorriso,ti voglio bene,tvb
🤔	faccina concentrata	arrovellarsi,concentrarsi,dubbio,faccina,faccina che pensa,faccina concentrata,mmm,pensare,scervellarsi
🤐	faccina con bocca con cerniera	acqua in bocca,bocca a zip,bocca cucita,faccina con bocca con cerniera,faccina con zip,no comment,non parlare,non posso parlare,segreto,silenzio,zitto
😐	faccina neutra	ah,imbarazzato,imbarazzo,impassibile,mmm,neutro,no comment,non fa ridere,non rido,oh,senza espressione,senza parole,uh
😑	faccina inespressiva	brutto,cattivo,come no,faccina,inespressiva,male,neutro,niente commenti,no comment,strano
😶	faccina senza bocca	faccina,faccina senza bocca,muto,non parlo,non posso parlare,segreto,senza bocca,senza espressione,senza parole,silenzio,zitto
😏	faccina con sorrisetto	ammiccante,bocca,faccia,faccina con sorrisetto,flirtare,furbetto,malizioso,mmm,non ci credo,occhiolino,sopracciglia,sorrisetto,sospetto,sospettoso
😒	faccina contrariata	che barba,contrariato,deluso,faccina,indifferente,infelice,triste,uff,uffa,ugh,wtf
🙄	faccina con occhi al cielo	evabbé,faccina con occhi al cielo,guardare altrove,noia,occhi al cielo,pazienza,roteare gli occhi,ruotare gli occhi,sollevare gli occhi al cielo,uffa,vabbè
😬	faccina con smorfia	denti,dentista,digrignare,digrignare i denti,faccina,faccina con smorfia,smorfia
😌	faccina sollevata	faccina,faccina con sorriso,pace,sollevato,sollievo,tranquillità,tranquillo,zen
😔	faccina pensierosa	mai una gioia,male,mi dispiace,morire,no,peccato,pensieroso,perdere,persa,purtroppo,scoraggiato,triste
😪	faccina assonnata	assonnato,dormire,faccina,faccina assonnata,goccia,sonno,stanco,zzz
😴	faccina che dorme	assonnato,buona notte,dormire,faccina,faccina che dorme,pisolino,sonno,stanco,zzz
😷	faccina con mascherina	dentista,dottore,faccina con mascherina,germi,infermiera,infermiere,malato,mascherina,medicina,raffreddato,raffreddore,smog
🤒	faccina con termometro	ammalato,faccina,faccina con termometro,faccina malata,febbre,influenza,malato,mutua,raffreddore,termometro
🤕	faccina con la testa bendata	bende,dolore,faccina,faccina bendata,faccina con la testa bendata,faccina malata,farsi male,fasciarsi la testa,ferita,ferito,mal di testa,malato
🤧	faccina che starnutisce	faccina,faccina che starnutisce,faccina con fazzoletto,faccina con raffreddore,fazzoletto,malato,raffreddore,starnutire,starnuto
🥵	faccina accaldata	accaldato,bollente,caldo,colpo di calore,febbre,febbricitante,fuoco,lingua di fuori,morendo dal caldo,morire di caldo,sudare,sudore
🥶	faccina congelata	blu,congelare,denti che battono per il freddo,freddo,gelo,ghiaccioli,ghiacciolo,ipotermia,sottozero
😵	faccina frastornata	crocetta,crocette,emozione,faccina,frastornato,malato,occhi,occhi a croce,stanco,testa che gira
🤯	testa che esplode	cervello,faccina sorpresa,mindblown,non ci credo,sbalordito,scioccato,sconcertato,sorpesa,sorpreso,stupore,testa che esplode
🤠	faccina con cappello da cowboy	cappello,cappello da cowboy,cowboy,faccina,faccina con cappello da cowboy
😎	faccina con sorriso e occhiali da sole	cool,fighetto,figo,ganzo,luce,relax,soleggiato,spensierato,vacanza
🤓	faccina nerd	faccina,nerd,occhiali,occhiali da nerd,secchione,studioso
😕	faccina confusa	confuso,deluso,faccina,forse,non so,peccato,triste,uffa
😟	faccina preoccupata	ansioso,faccina,nodo allo stomaco,preoccupato,preoccupazione,triste
🙁	faccina leggermente imbronciata	corrucciato,faccina,faccina leggermente imbronciata,imbronciato,mettere il muso,mi dispiace,triste,un po’ imbronciato
😮	faccina con bocca aperta	bocca,bocca aperta,non ci credo,non mi dire,oh,scioccato,shock,sorpresa,sorpreso,stupito,wow
😯	faccina sorpresa	faccina,incredulo,omg,sbalordito,sorpresa,sorpreso,wow
😲	faccina stupita	cosa?,davvero,faccina,non ci credo,oddio,omg,scioccato,sorpresa,sorpreso,stupito
😳	faccina imbarazzata	confuso,faccina,faccina arrossata,faccina con guance rosse,faccina con occhi aperti,guance rosse,imbarazzato,occhi
😦	faccina imbronciata con bocca aperta	bocca aperta,corrucciata,faccina imbronciata con bocca aperta,male,no,noo,paura,sorpresa,wow
😨	faccina impaurita	ansia,ansioso,esami,faccina,fifa,fifa blu,impaurito,paura,preoccupato,spaventato,spavento
😰	faccina sudata in ansia	ansia,blu,esami,faccina spaventata,freddo,nervoso,paura,risultato,spaventato,sudato,sudore,terrore
😥	faccina delusa ma sollevata	ansioso,deluso,deluso ma sollevato,faccina,faccina delusa ma sollevata,goccia,infelice,lacrima,sollevato,sudore,triste
😢	faccina che piange	emozione,faccina,faccina che piange,faccina con lacrima,infelice,lacrima,mi dispiace,mi manchi,piangere,triste
😭	faccina disperata	faccina che piange,faccina disperata,infelice,lacrime,no,nooo,piangere,pianto,singhiozzare,triste
😱	faccina terrorizzata	blu,faccina,grido di paura,munch,oddio,paura,terrore,terrorizzata,urlare,urlo di munch
😖	faccina frustrata	arrabbiato,concentrato,confuso,doh,faccia,faccina,frustrato,scontento,stressato,triste,uffa
😣	faccina perseverante	concentrato,faccina,faccina che pensa,faccina concentrata,pensare,perseverante
😞	faccina delusa	abbandonare,delusione,disilluso,emozione,faccina,fallimento,fallire,fallito,ho perso,infelice,male,no,perdere,sospiro,triste,uffa
😓	faccina abbattuta sudata	ci è mancato poco,delusione,faccina,faccina abbattuta sudata,faccina sudata,goccia,malato,sudore,triste
😩	faccina esausta	arrabbiato,disperato,esausto,faccina,faccina che piange,nooo,piangere,sfinito,stanco
😫	faccina stanca	disperato,faccina,stanco,triste
😤	faccina che sbuffa	arrabbiarsi,arrabbiato,faccina arrabbiata,faccina che sbuffa,faccina con il fumo,faccina frustrata,frustrato,frustrazione,rabbia,sbuffare,scontento,uffa
😡	faccina accigliata	arrabbiato,broncio,faccina,faccina accigliata,faccina rossa,furioso,imbronciato,male,muso,odio
😠	faccina arrabbiata	arrabbiato,che odio,faccina,frustrato,furia,infuriato,non mi piace,odio,rabbia
🤬	faccina con simboli sulla bocca	arrabbiato,bestemmiare,censura,faccina,faccina che bestemmia,faccina che impreca,faccina con simboli sulla bocca,imprecare,incavolato,insultare,molto arrabbiato
😈	faccina con sorriso e corna	arrabbiato,corna,diavolo,faccina,faccina con sorriso e corna,faccina viola,sorriso,sorriso con corna
💀	teschio	cranio,favola,morte,mostro,ossa,pericolo,stanco morto,teschio,umorismo nero,yolo
💩	cacca	buona fortuna,cacca,fortuna,fortunato,popò,pupù,puzza
🤡	faccina pagliaccio	carnevale,circo,clown,faccina,faccina del clown,It,maschera,pagliaccio,teatro
👹	orco	creature,diavolo,faccina,favola,fiaba,finzione,maschera,mostro,orco,paura
👻	fantasma	creatura,fantasmino,favola,fiaba,halloween,horror,mostro,paura,scherzetto,scherzo,sciocco,storie di fantasmi,stregare,stregato,terrore
👽	alieno	alieno,ET,extraterrestre,faccina,favola,marziani,mostro,spazio,UFO
🤖	faccina di robot	faccina,faccina di robot,robot,tecnologia
👋	mano che saluta	a dopo,ci sei?,ci vediamo,ciao,ciaone,gesto di saluto,mano,mano aperta,mano che saluta,salutare,schiaffo
🤚	dorso mano alzata	alzata,ciao,ciaone,dorso mano alzata,mano
✋	mano alzata	alzata,carta,cinque,mano,mano aperta
👌	mano che fa OK	bene,capito,d’accordo,dito,gesto di ok,ho capito,indice e pollice,mano che fa OK,OK con la mano,segno di OK,va bene
✌️	vittoria	due,forbice,mano,segno di vittoria,vittoria,yeah
🤞	dita incrociate	buona fortuna,dita,dita incrociate,fortuna,incrociare,incrociare le dita,mano
🤟	gesto ti amo	corna,dita,dito,gesto,gesto ti amo,gesto tvb,mano,rock,tre dita
🤘	segno delle corna	concerto,corna,fare le corna,gesto,mani,mano con le corna,rock and roll,rockstar,segno delle corna
👈	indice verso sinistra	direzione,dito,dito verso sinistra,indicare,indice,indice verso sinistra,là,mano,sinistra
👉	indice verso destra	a destra,destra,di là,dito,dito indice,dito verso destra,indicare,indice verso destra,mano
👆	indice alzato	dito,dito alzato,dito in su,dito indice,in alto,indice alzato,indice in su,mano,sù
👇	indice abbassato	dito,dito abbassato,dito in giù,dito indice,indicare,indice abbassato,indice in giù,mano,qui,sotto
👍	pollice in su	+1,bene,capito,certo,d’accordo,dito,mi piace,ok,perfetto,pollice in su,sì,va bene
👎	pollice verso	giù,in basso,mano,no,non mi piace,pollice,pollice abbassato,pollice in giù,pollice verso,segno
✊	pugno	alzato,lotta,mano,pugno,pugno chiuso,sasso,solidarietà
👊	pugno chiuso	d’accordo,mano,ok,patto,pugno,pugno chiuso,rock,sì
👏	mani che applaudono	applaudire,applauso,bravo,clap clap,complimenti,congratulazioni,mani che applaudono,ok,pregare,preghiera,segno,yeah
🙌	mani alzate	celebrare,due mani,evvai,evviva,gesto,grazie,innocente,mani alzate,mano,urrà,vittoria
🙏	mani giunte	gesto,grazie,mani,mani giunte,mano,per favore,pregare,preghiera,ti prego
💪	bicipite	bicipite,bodybuilding,braccio piegato,corpo,forte,forza,fumetto,muscolo,palestra,pesi,sollevamento,teso
🦵	gamba	arto,calcio,gamba,gamba piegata,ginocchio,ginocchio piegato,piede,polpaccio
👀	occhi	corpo,faccia,guardare,occhi,osservare,vedere
👣	impronta di piedi	camminare,corpo,impronta,impronta di piedi,impronte,passi,passo,piede,piedi,piedi nudi
👶	neonato	bambino,bebè,faccia,famiglia,figlio,giovane,neonato,persone,piccolo
🧒	bimbo	bambina,bambino,bimba,bimbo,giovane,persona,ragazzina,ragazzino
👦	bambino	bambino,bimbo,giovane,persona,persone,ragazzino,tenero
👧	bambina	bambina,bimba,bionda,codini,contenta,felice,persona,persone,ragazzina,treccine
🧑	persona	adulta,adulto,persona
👨	uomo	amico,biondo,fratello,maschio,papà,persona,persone,ragazzo,uomo
👩	donna	bionda,capelli,donna,femmina,persona,persone,ragazza,viso
🧓	persona anziana	adulto anziano,anziana,anziano,persona,vecchia,vecchio
🙋	persona con mano alzata	ciao,donna,eccomi,felice,gesto,mano alzata,persona,persona con mano alzata,salutare,saluto,sono qui
🤦	persona esasperata	disperazione,esasperazione,facepalm,incredulità,mano in fronte,oddio,oh no,persona,persona esasperata
🤷	persona che scrolla le spalle	boh,dubbio,forse,indifferenza,non lo so,non saprei,noncuranza,persona che alza le spalle,persona che scrolla le spalle,può darsi,spalle alzate,vabbè
💁	persona con mano capovolta	aiuto,capovolgere la mano,gesto con i capelli,gossip,informazioni,mano,mano all’insù,pettegolezzo,sarcasmo,sfacciataggine,sul serio
🙇	persona che fa un inchino profondo	chiedere perdono,gesto,grazie,inchino,meditare,mi dispiace,perdono,persona,persona che fa un inchino profondo,pietà,scusarsi
💃	donna che balla	ballare,ballerina,ballo,donna,donna che balla,flamenco,lavoro,olé,salsa,tango
🕺	uomo che balla	ballare,ballo,disco,discoteca,lavoro,uomo,uomo che balla
👪	famiglia	bambino,famiglia,mamma,papà,persone
🐶	muso di cane	animale,cagnolino,cane,cucciolo,domestico,faccina
🐱	muso di gatto	animale,animali,faccina,gatto,muso di gatto
🐭	muso di topo	animale,faccina,muso di topo,topo,topolino
🐹	criceto	animale,animali,criceto,domestico,faccina,muso di criceto
🐰	muso di coniglio	animale,animale domestico,animali,coniglietto,coniglio,faccina,muso di coniglio
🦊	volpe	animale,bosco,faccina volpe,furbetto,furbizia,furbo,muso di volpe,natura,volpacchiotto
🐻	orso	animale,faccina,muso di orso,orsacchiotto,orsetto,orso
🐼	panda	animale,animali,bamboo,faccina,muso di panda,panda,WWF
🐨	koala	animale,animali,Australia,faccina koala,koala,selvatico
🐯	muso di tigre	animale,animali,faccina,felino,muso di tigre,tigre
🦁	leone	alpha,animale,criniera,forte,forza,muso di leone,oroscopo,roar,ruggito,segno zodiacale,selvaggio,selvatico
🐮	muso di mucca	animale,animali,faccina,fattoria,mucca,muso di mucca,muu
🐷	muso di maiale	animale,animali,faccina,fattoria,maiale,maialino,muso di maiale,natura,pancetta,porchetta
🐽	naso da maiale	animale,animali,faccina,maiale,maialino,naso,naso da maiale
🐸	rana	animale,bosco,fiaba,lago,muso di rana,natura,principe,raganella,ranocchia,ranocchio,rospo,stagno
🐵	muso di scimmia	animale,faccina,scimmia,scimmietta
🙈	non vedo	faccina,faccina della scimmietta,gesto,non guardo,non posso guardare,non vedo,proibito,scimmia,scimmietta,scimmietta non vedo,segreto,vietato
🙉	non sento	animale,animali,faccina,non sentire,non sento,orecchie da mercante,scimmia,scimmietta,scimmietta non sento,segreto,vietato
🙊	non parlo	animale,animali,faccina,in silenzio,monello,non parlo,proibito,scimmia,scimmietta non parlo,segreto,vietato
🐒	scimmia	animale,scimmietta,selvatico
🐔	gallina	animale,animali,fattoria,galletto,gallina,gallo,pollo,uccello
🐧	pinguino	animale,antartico,ornitologia,polo sud,uccello
🐦	uccello	animale,ornitologia,passerotto,uccellino
🐤	pulcino	animale,animali,cucciolo,faccina pulcino,gallina,pulcino
🦆	anatra	animale,ornitologia,papera,uccello
🦅	aquila	animale,aquila reale,ornitologia,rapace,uccello
🦉	gufo	animale,animali,bosco,foresta,fortuna,gufo,saggezza,selvatico,uccello
🦇	pipistrello	ali,animale,notte,pipistrello,vampiro
🐺	lupo	animale,bosco,faccina,favola,fiaba,lupo mannaro,muso di lupo,selvatico
🐗	cinghiale	animale,animali,bosco,cinghiale,faccina cinghiale,game of thones,maiale selvatico
🐴	muso di cavallo	animale,campagna,cavallino,cowboy,dressage,equino,faccina,far west,fattoria,rampante
🦄	unicorno	faccina,unicorno
🐝	ape	animale,bombo,giardino,insetto,miele,natura,primavera,regina,vespa
🐛	insetto	animale,bruco,giardino,millepiedi
🦋	farfalla	ali,animale,colorata,insetto
🐌	lumaca	animale,giardino,lentezza,lento,lumachina,lumacone,natura
🐞	coccinella	animale,fortuna,giardino,insetto,natura
🐜	formica	animale,formica,formichina,insetto,lavorare
🕷	ragno	animale,aracnide,disgusto,insetto,ragno,schifo
🦂	scorpione	animale,scorpione,segno zodiacale
🐢	tartaruga	animale,animali,lenta,lentezza,lento,tartaruga
🐍	serpente	animale,animali,biscia,bosco,foresta,pericolo,selvatico,serpe,serpente,vipera
🦎	lucertola	animale,animali,lucertola,rettile
🐙	polpo	animale,animali,mare,oceano,polipo,polpo
🦑	calamaro	animale,animali,calamaro,cibo,mare,mollusco,oceano,polipo,polpo,totano
🦐	gamberetto	animale,animali,cibo,crostaceo,gamberetto,gambero,mare,oceano
🦀	granchio	cancro,granchio,mare,mollusco,oceano,segno zodiacale
🐡	pesce palla	animale,animali,mare,oceano,pesce,pesce palla,tropici
🐠	pesce tropicale	animale,animali,mare,oceano,pesce,pesce tropicale
🐟	pesce	animale,animali,mare,oceano,pesce,pesci,segno zodiacale dei Pesci
🐬	delfino	animale,cetaceo,delfino,mare,oceano,spiaggia
🐳	balena che spruzza acqua	animale,animali,balena,balena che spruzza acqua,balenottera,cetaceo,mare,oceano,spruzzare
🐋	balena	animale,animali,balena,cetaceo,mare,oceano
🦈	squalo	aggressività,animale,animali,pericolo,pesce,squalo
🐊	coccodrillo	animale,coccodrillo,lacrime di coccodrillo,rettile,selvatico
🐅	tigre	animale,animali,felino,predatore,tigre
🐆	leopardo	animale,felino,leopardo,predatore,selvatico
🦓	zebra	animale,animali,bianco,bianconero,nero,strisce,zebra
🦍	gorilla	animale,foresta,scimmia,selvatico
🐘	elefante	animale,elefante,savana,selvatico
🦏	rinoceronte	Africa,animale,animali,natura,rinoceronte,safari,savana,selvatico
🐪	dromedario	Africa,animale,animali,cammello,deserto,dromedario,gobba,gobbe,trasporto
🐫	cammello	animale,animali,cammello,deserto,due gobbe,gobba
🦒	giraffa	animale,animali,giraffa,macchie,puntini,savana,selvaggio,selvatico
🐃	bufalo d’acqua	animale,animali,animali selvatici,bufalo,bufalo d’acqua
🐄	mucca	animale,animali,fattoria,latte,mucca,muu,vacca
🐎	cavallo	animale,cavallo,cavallo da corsa,corsa,corse,fattoria,galoppo,polo,ranch,trotto
🐖	maiale	animale,animali,fattoria,maiale,scrofa
🐏	montone	animale,animali,ariete,fattoria,montone,ovino,pecora,segno zodiacale dell’ariete
🐑	pecora	animale,beeh,campagna,contare le pecore,fattoria,lana,montone,morbido,notte,pecorella,pecorone,soffice
🐐	capra	animale,animali,capra,capricorno,fattoria,latte,segno zodiacale del capricorno
🦌	cervo	animale,animali,bosco,cerbiatto,cervo,corna,primavera,selvatico
🐕	cane	abbaiare,animale,animale domestico,animali,cagnolino,cane,cucciolo
🐩	barboncino	animale,cane,pelo,razza,soffice
🐈	gatto	animale,cucciolo,domestico,gatta,gattina,gattino,miao,micino,micio
🐓	gallo	alba,animale,animali,domestico,fattoria,galletto,gallo,mattino,uccello
🦃	tacchino	animale,giorno del ringraziamento,ringraziamento,tacchino,Thanksgiving
🕊	colomba	animale,ornitologia,pace,Pasqua,uccellino,uccello,ulivo,volare
🐇	coniglio	animale,animali,coniglietto,coniglio,domestico,fattoria
🐁	topo	animale,animali,cavia,topo,Topo,topolino
🐀	ratto	animale,animali,fogna,ratto,topastro,topo
🐿	scoiattolo	animale,animali,bosco,scoiattolo,selvatico
🌵	cactus	cactus,caldo,deserto,messico,natura,pianta,pianta grassa,spina,spine,west
🎄	albero di Natale	albero,albero di Natale,celebrare,festa,festeggiare,festoni,Natale,natura,palline,pino
🌲	albero sempreverde	abete,albero,albero di natale,conifera,foresta,natura,pino,sempreverde
🌳	albero deciduo	albero,albero rotondo,caduco,deciduo,natura,pianta
🌴	palma	albero,natura,palma,spiaggia,tropicale,tropici
🌱	germoglio	germoglio,natura,pianta,piantina,primavera
🌿	pianta	foglia,natura,pianta,ramo,verde
☘️	trifoglio	foglia,Irlanda,natura,trifoglio
🍀	quadrifoglio	foglia,fortuna,natura,pianta,piante,quadrifoglio,quattro
🍁	foglia d’acero	autunno,foglia,foglia caduta,foglia d’acero,natura
🍂	foglia caduta	autunno,cadute foglia,foglia,foglia caduta,foglie,foglie cadute,foglie che cadono,foglie rosse,natura,ramo
🍃	foglia al vento	foglia,foglia al vento,foglie,vento,vento che soffia
🌺	ibisco	fiore,ibisco,natura,pianta,rosso
🌸	fiore di ciliegio	ciliegio,fiore,fiore di ciliegio,fiorito,natura,pianta,primavera,primula,rosa
🌼	fiore	bocciolo,fiore,fiorellino,giallo,margherita,natura,pianta
🌻	girasole	fiore,giallo,girasole,natura,pianta
🌞	faccina sole	bel tempo,caldo,denari,estate,faccina,giornata,giorno,meteo,sole,soleggiato
🌝	faccina luna piena	faccina,faccina con la luna,faccina della luna,faccina luna piena,luna,luna con faccina,luna piena,luna piena con faccina,natura
🌛	faccina primo quarto di luna	cielo,faccina,faccina primo quarto di luna,luna,luna con faccina,natura,notte,primo quarto di luna,quarto di luna con faccina
⭐	stella	astro,natura,stella,stella gialla,stellina
🌟	stella che brilla	brillante,evvai,felicità,festeggiare,natura,notte,scintillante,sorpresa,stella,stella che brilla,stella con scintille,stellina
✨	stelline	scintille,spendente,stelle,stelline
⚡	alta tensione	alta,fulmine,pericolo,simbolo,tensione,tuono
🔥	fuoco	bruciare,caldo,calore,esplosione,falò,fiamma,fiamme,fuoco,inferno,passione
🌈	arcobaleno	arcobaleno,bisessuale,colori,gay,lesbica,lgbt,meteo,natura,omosessuale,pace,pioggia,transgender
☁️	nuvola	meteo,natura,nuvola,nuvola nera,nuvoletta
❄️	fiocco di neve	fiocco di neve,freddo,ghiaccio,inverno,meteo,neve
💧	goccia	acqua,freddo,fumetto,goccia,lacrima,natura,sudore,triste
🌊	onda	acqua,la grande onda,mare,natura,oceano,onda,onda d’acqua,onda del mare,surf
🍏	mela verde	cibo,dieta,frutta,frutto,mela,verde
🍎	mela rossa	cibo,dieta,frutta,frutto,mela,rossa
🍐	pera	cibo,frutta,frutto,pera
🍊	mandarino	agrume,agrumi,arancia,cibo,frutta,frutto,mandarino,vitamina C
🍋	limone	agrume,aspro,cibo,estate,frutta,frutto,giallo,limone
🍌	banana	banana,cibo,frutta,frutto,potassio
🍉	anguria	anguria,cibo,frutta,frutto
🍇	uva	cibo,dioniso,frutta,frutto,grappolo,grappolo d’uva,uva,vino,viola
🍓	fragola	cibo,fragola,frutta,frutto,rosso
🍈	melone	cantaloupe,cibo,frutta,frutto,melone,oliva
🍒	ciliegie	cibo,ciliegia,ciliegie,frutta,frutto
🍑	pesca	cibo,frutta,frutto,pesca
🍍	ananas	ananas,cibo,frutta,frutto,pina colada,tropicale
🥥	cocco	cibo,cocco,frutta,frutto,noce di cocco,palma,piña colada
🥝	kiwi	cibo,frutt,frutta,frutto,kiwi
🍅	pomodoro	cibo,pomodoro,rosso,verdura
🥑	avocado	avocado,cibo,frutta,frutto
🍆	melanzana	cibo,melanzana,verdura
🥔	patata	cibo,ortaggio,patata,patatine,tubero,verdura
🥕	carota	arancione,carota,carotene,cibo,coniglio,dieta,ortaggio,radice,sano,verdura,verdure
🌽	pannocchia	cibo,fattoria,granoturco,mais,pannocchia,verdura
🌶	peperoncino	cibo,hot,peperoncino,piccante,verdura
🥒	cetriolo	cetriolino sottaceto,cetriolo,cibo,ortaggio,sott’aceto,sotto aceto,verdura
🥦	broccoli	broccoli,broccolo,cavolo nero,cibo,verde,verdura
🍄	fungo	amanita,autunno,biancaneve,bosco,favola,fiaba,funghetto,fungo,natura,velenoso
🥜	arachidi	arachide,arachidi,cibo,frutta secca,nocciolina,noccioline
🌰	castagna	autunno,bosco,caldarroste,castagna,cibo,frutta,frutto,nocciola
🍞	pane in cassetta	carboidrati,cereali,cibo,pancarré,pane,pane a cassetta,pane in cassetta,ristorante,toast
🥐	croissant	bar,cibo,colazione,cornetto,croissant,dolce,francese,zucchero
🥖	baguette	baguette,carboidrati,cibo,filone,francese,Francia,pane
🥨	pretzel	brezel,cibo,pane,pretzel
🧀	fetta di formaggio	cibo,fetta di formaggio,formaggio,gruviera
🥚	uovo	cibo,uova,uovo
🍳	cucinare	cibo,colazione all’americana,cucinare,friggere,padella,padellino,ristorante,uova,uovo,uovo in padella
🥞	pancake	america,brunch,burro,cibo,colazione,crêpe,dolce,francia,frittelle,pancake,sciroppo d’acero,zucchero
🥓	pancetta	americana,bacon,carne,cibo,cibo americano,colazione,maiale,pancetta
🥩	taglio di carne	bistecca,braciola,carne,carne rossa,cibo,costoletta,costoletta d’agnello,costoletta di maiale,cotoletta,scaloppina,taglio,taglio di carne
🍗	coscia di pollo	carne,cibo,coscia,coscia di pollo,coscia di tacchino,fame,osso,pollo,ristorante,tacchino
🍖	carne	barbecue,carne,carne con osso,cibo,fame,osso,ristorante
🌭	hot dog	cibo,hot dog,panino,street food,wurstel
🍔	hamburger	burger,cibo,fast food,hamburger,panino,ristorante,sandwich
🍟	patatine	cibo,patatine,patatine fritte,ristorante
🍕	pizza	cena,cibo,fame,fetta,fetta di pizza,pizza,pizzeria,ristorante
🥪	sandwich	cibo,pane,panino,sandwich
🌮	taco	cibo,cucina messicana,guacamole,messicana,messicano,Messico,ristorante,salsa,taco,tacos
🌯	burrito	burrito,cucina messicana,Messico
🥗	insalata verde	cena,cibo,insalata,insalata mista,insalata verde,mangiare,pranzo,salutare,salute,verdure
🥘	padella con cibo	casseruola,cibo,cucina,cucinare,padella,padella con cibo,paella,Spagna
🍝	spaghetti	cena,cibo,cucina,cucinare,fame,pasta,pranzo,puttanesca,ragù,ristorante,spaghetti
🍜	ciotola fumante	bacchette,cibo,cinese,ciotola di noodle,ciotola fumante,giapponese,noodle,pho,piatto caldo,ramen,ristorante
🍲	pentola di cibo	cibo,ciotola di cibo,minestra,pentola di cibo,ristorante,stufato,zuppa
🍛	riso al curry	cibo,curry,India,indiano,riso,riso al curry,ristorante
🍣	sushi	cibo,cucina,giapponese,riso,ristorante,salmone,sushi
🍱	bento box	bento box,lunch box,monoporzione,piatto pronto,ristorante
🥟	raviolo	cibo,dumpling,empanada,fagottino,gyoza,jiaozi,pierogi,ravioli,raviolo
🍤	gambero fritto	cibo,gamberetto,gambero,gambero fritto,ristorante,tempura
🍙	onigiri	arancino di riso,arancino di riso giapponese,cibo,giapponese,onigiri,orientale,polpetta di riso giapponese,riso,ristorante
🍚	riso bollito	cibo,cinese,riso,riso bollito,ristorante
🍘	galletta di riso	cibo,galletta di riso,riso
🍥	tortino di pesce a spirale	cibo,crocchetta di pesce,cucina giapponese,giapponese,pesce,ristorante,rotolo di pesce,spirale,tortino di pesce a spirale
🍡	dango	dango,dolce,dolcetto,palline di mochi,ristorante,spiedino di mochi
🍦	cono gelato	bar,cono,crema,dessert,dolce,estate,gelateria,gelato,ristorante,zucchero
🍰	fetta di torta	dessert,dolce,fetta,fetta di torta,ristorante,torta,zucchero
🎂	torta di compleanno	auguri di compleanno,buon compleanno,candeline,cibo,compleanno,dolce,festa,festeggiare,pasticceria,tanti auguri,torta di compleanno,zucchero
🍮	budino	budino,cibo,creme caramel,dessert,dolce,dolci,pudding,ristorante,zucchero
🍭	lecca lecca	caramella,chupa chups,dolce,dolcetti,dolcetto,dolci,lecca lecca,ristorante,willi wonka,zucchero
🍬	caramella	caramella,caramelle,dolce,dolcetti,dolcetto,dolci,dolciume,halloween,zucchero
🍫	cioccolato	barretta di cioccolato,break,cibo,cioccolata,cioccolato,dolce,dolcetto,felicità,goloso,halloween,ristorante,snack
🍿	popcorn	cibo,cinema,mais,popcorn
🍩	ciambella	ciambella,cibo,cioccolato,dolce,donut,ristorante,zucchero
🍪	biscotto	biscottino,biscotto,cibo,cioccolato,cookie,dessert,dolce,gocce di cioccolato,ristorante,zucchero
☕	bevanda calda	bevanda,bevanda calda,caffè,fumante,tè caldo,the,thè
🍵	tazza da tè senza manico	bere,bevanda,pomeriggio,sete,tazza,tazza da tè senza manico,tazza di tè,tazzina,tè
🥤	bicchiere con cannuccia	acqua,bevanda,bevande,bibita,bibita gasata,bicchiere,bicchiere con cannuccia,cannuccia,succo
🍶	sakè	bar,bere,bevanda,bicchiere,bottiglia,bottiglia e bicchiere di sake,bottiglia e bicchiere di sakè,giapponese,ristorante,sake,sakè
🍺	boccale di birra	alcool,bar,bere,birra,boccale di birra,estate,Germania,octoberfest,pinta,pub,ristorante,sete
🍻	boccali di birra	alcool,bar,birra,birre,boccali di birra che brindano,brindisi,celebrare,cin cin,festeggiare,pub,ristorante
🥂	brindisi	anniversario,auguri,bere,brindare,brindisi,champagne,cin cin,compleanno,congratulazioni,festeggiare,prosecco,spumante
🍷	bicchiere di vino	alcool,bar,bere,bicchiere,bicchiere di vino,calice,enoteca,ristorante,vino
🥃	bicchiere tumbler	alcool,bevanda,bicchiere,drink,liquore,tumbler,whisky
🍸	cocktail	alcol,alcolico,bar,bere,bevanda,bicchiere,bicchiere da cocktail,calice,cocktail,drink,ristorante
🍹	cocktail tropicale	alcool,bar,bere,club,cocktail,drink,ristorante,tropicale
🍾	bottiglia stappata	auguri,bar,bere,brindisi,celebrare,champagne,congratulazioni,festeggiare,spumante,stappare,tappo
🥄	cucchiaio	cucchiaino,cucchiaio,cucina,posate,stoviglie,utensili
🍴	forchetta e coltello	affamata,affamato,cena,che fame,cibo,cucinare,fame,forchetta e coltello,mangiare,posate,pranzo,ristorante
🍽	piatto e posate	apparecchiare,cena,coltello,fame,forchetta,mangiare,piatto,piatto e posate,posate,pranzo,tavola
🥢	bacchette	bacchette,bastoncini,cibo asiatico,hashi,jeotgarak,kuaizi
⚽	pallone da calcio	calcetto,calcio,palla,pallone,pallone da calcio,sport
🏀	palla da pallacanestro	basket,basketball,canestro,canestro da basket,palla,palla da pallacanestro,pallacanestro,pallone,pallone da basket,sport
🏈	football americano	americano,football,palla,sport
⚾	palla da baseball	baseball,battitore,guantone,mazza,palla da baseball,ricevitore,sport
🎾	tennis	giallo,palla,palla da tennis,pallina,pallina gialla,racchetta e palla da tennis,sport,tennis
🏐	palla da pallavolo	palla,palla da pallavolo,pallavolo,pallone,rete,sport,volley
🏉	pallone da rugby	palla,pallone,pallone da rugby,rugby,sport
🎱	palla da biliardo	8,biliardo,giocare,gioco,otto,palla da biliardo,palla otto,sport
🏓	ping pong	giocare,gioco,pallina,ping pong,racchetta,rete,sport,tennis da tavolo,tennis tavolo
🏸	badminton	badminton,giocare,gioco,racchetta,sport,volano
🥅	porta da calcio	calcio,gol,porta,porta da calcio,porta di calcio,rete,sport,traversa
🏒	hockey su ghiaccio	ghiaccio,giocare,hockey su ghiaccio,hockey sul ghiaccio,mazza,mazza da hockey,puck,sport
🏑	hockey su prato	campo,hockey,hockey su prato,mazza,palla,partita,sport
🏏	cricket	cricket,gioco,mazza,palla,sport
⛳	bandiera in buca	bandiera golf,bandiera in buca,bandierina,buca,golf
🏹	arco e freccia	arciere,arco,arco e freccia,cacciare,freccia,Sagittario,sport,tiratore d’arco,tiro con l’arco
🎣	canna da pesca	canna da pesca,intrattenimento,lenza,pesca,pescare,pesce,sport
🥊	guantone da pugilato	boxe,forza,guanto,guantone,guantone da pugilato,pugilato,pugile,pugno,sport
🥋	kimono per arti marziali	arti marziali,judo,karate,kimono,kimono per arti marziali,sport,taekwondo,uniforme
⛸	pattinaggio su ghiaccio	ghiaccio,pattinaggio artistico,pattinaggio su ghiaccio,pattini,sport
🎿	sci	accessori,scarpone,scarpone da sci,sci,sport
⛷	sciatore	neve,sci,sciare,sciatore,settimana bianca,sport
🏂	persona sullo snowboard	inverno,montagna,neve,omino in snowboard,persona,persona sullo snowboard,snowboard,sport,tavola,uomo sullo snowboard
🏋️	persona che solleva pesi	allenamento,bilanciere,bodybuilding,culturista,forza,persona,persona che solleva pesi,pesi,pesi massimi,sforzo,sollevamento pesi,sport
🤼	persone che fanno la lotta	combattimento,lottatori,persone,persone che fanno la lotta,sport,torneo,wrestler,wrestling
🤸	persona che fa la ruota	atleta,attiva,capriola,felice,ginnasta,ginnastica,persona,persona che fa la ruota,ruota
⛹️	persona che fa rimbalzare una palla	basket,campo,giocatore,giocatore di basket,palla,pallacanestro,palleggio,persona,persona che fa rimbalzare una palla,persona con la palla,sport
🤺	schermidore	fioretto,persona,scherma,schermidore,spada,sport
🤾	persona che gioca a pallamano	atleta,lanciare,palla,pallamanista,pallamano,persona,persona che gioca a pallamano,sport,tirare la palla
🏌️	persona che gioca a golf	buca,giocatore di golf,golf,green,mazza,pallina,persona,persona che gioca a golf,sport,tiro
🏇	ippica	cavallo,cavallo da corsa,corse,fantino,galoppare,galoppo,ippica,sport,trotto
🧘	persona in posizione del loto	gambe incrociate,meditazione,pace,persona,persona che fa yoga,persona in posizione del loto,relax,rilassarsi,yoga,zen
🏄	persona che fa surf	mare,onde,persona,persona che fa surf,spiaggia,sport,surf,surfare,tavola
🏊	persona che nuota	bracciata,gara,nuotare,nuotatore,nuoto,persona che nuota,sport,stile libero
🤽	persona che gioca a pallanuoto	acqua,giocatrice di pallanuoto,pallanuoto,persona,persona che gioca a pallanuoto,piscina,sport
🚣	persona in barca a remi	barca,barca a remi,canoa,fiume,lago,persona,persona che rema,persona in barca a remi,pesca,remare,remi,sport
🧗	persona che scala	arrampicarsi,arrampicata,arrampicatore,arrampicatrice,montagna,persona,persona che arrampica,persona che scala,roccia,scalatore,sport
🚴	ciclista	bici,bicicletta,ciclismo,ciclista,due ruote,gara,mountain bike,pedalare,sport,trasporto
🚵	ciclista di mountain bike	atleta,bicicletta,ciclismo,ciclismo in montagna,ciclista,ciclista di mountain bike,montagna,mountain bike,pedalare,sport
🎪	circo	circo,festa,fiera,intrattenimento,orfei,spettacolo,tenda,tenda da circo,tendone
🎭	maschere	arte,arti performative,carnevale,dietro le quinte,intrattenimento,maschere,palco,performance,recitare,scena,shakespeare,teatro
🎨	tavolozza	arte,artista,colori,creativo,dipingere,palette,pittore,pittura,tavolozza,tavolozza dei colori
🎬	ciak	ciak,ciak si gira,cinema,film,filmare,intrattenimento,lavagna,regista,scena,tavoletta
🎤	microfono	cantare,concerto,intrattenimento,Karaoke,microfono,musica,palco,presentare,spettacolo,teatro
🎧	cuffie	ascoltare,auricolari,cuffie,intrattenimento,musica,suono
🎼	pentagramma	chiave,chiave di violino,musica,partitura,pentagramma
🎹	piano	classica,comporre,jazz,musica,piano,pianoforte,strumento,strumento musicale,suonare,tastiera
🥁	tamburo	bacchette,banda,musica,percussioni,tamburello,tamburo
🎷	sassofono	blues,jazz,musica,sassofono,sax,strumento,strumento musicale,suonare
🎺	tromba	band,banda,blues,concerto,gruppo,jazz,musica,strumento,strumento musicale,tromba,trombone
🎸	chitarra	band,basso,chitarra,corde,elettrica,musica,rock,strumento,strumento musicale,suonare
🎻	violino	musica,orchestra,strumento,strumento musicale,suonare,violino
🎲	dado	dadi,dado,gioco,gioco dei dadi
🎯	bersaglio	arciere,arco,bersaglio,colpire,freccette,gioco,sport,target,tiro con l’arco
🎳	bowling	birilli,bowling,giocare,gioco,palla,palla da bowling,sport
🎮	gamepad	console,gamepad,giocare,gioco,joystick,videogioco
🎰	slot machine	azzardo,casinò,gioco,gioco d’azzardo,scommesse,scommettere,slot,slot machine
🧩	pezzo di puzzle	incastrarsi,incastro,indizio,pezzo,pezzo di puzzle,pezzo mancante,puzzle,tassello,tessera del puzzle
🏆	coppa	campione,coppa,premio,sport,trofeo,vincere,vincitore,vittoria
🥇	medaglia d’oro	medaglia,medaglia d’oro,numero 1,numero uno,oro,primo posto,sport,uno,vincere
🥈	medaglia d’argento	argento,medaglia,medaglia d’argento,secondo posto,sport
🥉	medaglia di bronzo	bronzo,gara,medaglia,medaglia 3,medaglia di bronzo,sport,terzo,terzo posto
🏅	medaglia sportiva	campione,corsa,gara,medaglia,medaglia sportiva,podio,risultato sportivo,sport,vincere,vittoria
🎖	medaglia militare	medaglia,medaglia al valore,medaglia con stella,militare,onore,onoreficenza,riconoscimento,stella,valore,vittoria
🎗	nastro	festa,festeggiamenti,fiocchetto,fiocco,fiocco giallo,nastro,nastro giallo,nodo
🎫	biglietto	ammissione,biglietto,cartellino,giallo,ingresso
🎟	biglietto d’ingresso	biglietto,biglietto d’ingresso,cinema,entrata,ingresso,spettacolo,ticket
🚗	auto	auto,automobile,guidare,macchina,mezzo,trasporti,veicolo,viaggiare
🚕	taxi	auto,guidare,mezzo,tassì,taxi,taxi giallo,trasporto,veicolo
🚙	SUV	auto,automobile,guidare,macchina,SUV,trasporti,utilitaria,veicolo,viaggiare
🚌	bus	autobus,bus,mezzo,scuola,scuolabus,trasporti,trasporto,veicolo
🚎	filobus	autobus,bus,città,filobus,mezzo,tram,trasporti pubblici,veicolo,viaggiare
🏎	auto da corsa	auto,auto da corsa,gran premio,sport,velocità
🚓	macchina della polizia	auto,carabinieri,gazzella,macchina,macchina della polizia,polizia,veicolo
🚑	ambulanza	ambulanza,croce rossa,emergenza,incidente,mezzo,ospedale,trasporto,veicolo
🚒	camion dei pompieri	autopompa,camion dei pompieri,emergenza,incendio,mezzo,pompieri,veicolo,vigili del fuoco
🚐	pulmino	bus,fiorino,guidare,minibus,pullmino,pulmino,veicolo,viaggiare
🚚	camion	camion,consegna,in viaggio,mezzo,trasporti,trasporto,veicolo
🚛	autoarticolato	autoarticolato,camion,guidare,rimorchio,spedizione,trasporto,veicolo,viaggiare
🚜	trattore	agricolo,campagna,fattoria,guidare,lavoro,mezzo,trattore,veicolo
🛴	monopattino	monopattino,trasporti,veicolo
🚲	bicicletta	bici,bicicletta,due ruote,gita,mezzo,pedalare,spinning,sport,trasporti,trasporto,veicolo
🛵	scooter	due ruote,estate,guidare,mezzo,motorino,scooter,trasporti,trasporto,vacanze romane,veicolo,vespa,viaggiare
🏍	motocicletta	avventura,due ruote,mezzo,moto,moto gp,motocicletta,ruote,trasporti,trasporto,veloce
🚨	lampeggiante	carabinieri,emergenza,lampeggiante,luce,rosso,sirena,sirena dei carabinieri,sirena della polizia
🚔	macchina della polizia in arrivo	auto della polizia,automobile,gazzella,macchina della polizia,mezzo,polizia,trasporti,trasporto,veicolo,volante
🚍	bus in arrivo	autobus,bus,bus in arrivo,in arrivo,mezzo,scuolabus,trasporti,trasporto,veicolo,viaggiare
🚘	auto in arrivo	auto,auto in arrivo,automobile,automobile in arrivo,guidare,in arrivo,mezzo,trasporti,trasporto,veicolo
🚖	taxi in arrivo	mezzo,tassì,taxi,taxi giallo,taxi in arrivo,trasporti,trasporto,veicolo
🚡	funivia aerea	aerea,funicolare,funivia,montagna,sci,sciare,tram,trasporto
🚠	funivia	cabina,funicolare,funivia,montagna,sci,ski lift,trasporti,trasporto,veicolo
🚟	ferrovia sospesa	ferrovia sospesa,funivia,mezzo,trasporti,trasporto,veicolo
🚃	vagone	elettrico,ferrovia,tram,trasporto,treno,vagone,veicolo,viaggiare
🚋	vagone del tram	filobus,mezzo,tram,trasporti,trasporto,vagone,vagone del tram,veicolo
🚞	ferrovia di montagna	ferrovia,ferrovia di montagna,montagna,trasporti,treno,treno di montagna,veicolo,viaggiare
🚝	monorotaia	mezzo,monorotaia,trasporti,trasporto,veicolo,veloce,viaggiare
🚄	treno alta velocità	alta velocità,ferrovia,freccia,tav,trasporto,treno,treno alta velocità,veicolo,veloce,viaggiare
🚅	treno alta velocità punta arrotondata	alta velocità,ferrovia,mezzo,punta arrotondata,trasporti,trasporto,treno,treno alta velocità,treno alta velocità punta arrotondata,veicolo,veloce,viaggiare
🚈	metrotranvia	arrivare,ferrovia,metrotranvia,mezzo,monorotaia,tram,trasporti,trasporto,treno,veicolo,viaggiare
🚂	locomotiva	ferrovia,locomotiva,locomotiva a vapore,motore,treno,vapore,veicolo,viaggiare
🚆	treno	arrivo,binari,ferrovia,freccia,mezzo,trasporto,treno,veloce
🚇	metropolitana	metro,metropolitana,mezzo,trasporti,trasporto,veicolo,viaggiare
🚊	tram	arrivo,ferrovia,freccia,partire,pendolare,tram,trasporto,treno,veicolo,veloce,velocità,viaggiare
🚉	stazione	arrivo,fermata,ferrovia,ritardo,stazione,trasporto,treno,veicolo,viaggiare
✈️	aeroplano	aereo,aeroplano,jet,partenza,velivolo,viaggio
🛫	decollo	aereo,andare,check-in,decollo,partenza,partenze,partire,pista di decollo,trasporti,trasporto,vacanza,viaggiare
🛬	atterraggio	aereo,aeroplano,aeroporto,arrivare,arrivi,arrivo,atterraggio,pista d’atterraggio,trasporti,trasporto,veicolo,viaggiare
🚀	razzo	astronauta,astronave,razzo,spazio,trasporti,universo,veicolo,viaggiare,viaggio
🛸	disco volante	alieni,disco volante,extra terrestri,marziani,spazio,ufo,UFO
🚁	elicottero	elicottero,trasporti,veicolo,velivolo,viaggiare,volare
🛶	canoa	barca,canoa,fiume,imbarcazione,kayak,lago,mare,pagaia,sport,trasporto
⛵	barca a vela	barca,barca a vela,località balneare,mare,sport,vacanza,vela,yacht
🚤	motoscafo	barca,lago,lusso,mare,mezzo,milionario,motoscafo,vacanza,vacanze,veicolo,veloce
🛳	nave da crociera	barca,crociera,imbarcazione,nave,nave da crociera,traghetto,vacanza
⛴	traghetto	barca,crociera,mare,nave,traghetto,traversata
🚢	nave	barca,crociera,imbarcazione,mare,nave,titanic,trasporti,trasporto,veicolo,viaggiare
⚓	ancora	ancora,mare,marina,marinaio,nave,simbolo
🚧	area cantiere	area cantiere,costruzione,giallo e nero,simbolo,simbolo area cantiere
⛽	stazione di servizio	benzina,carburante,fare il pieno,pieno,pompa di benzina,stazione,stazione di servizio
🗺	mappa mondiale	cartina,mappa,mappa mondiale,mondo,viaggiare
🗿	Moai	faccia,Isola di Pasqua,Moai,Moyai,pietra,statua,statua dell’Isola di Pasqua,storia,vacanza,viaggiare
🗽	Statua della Libertà	america,libertà,new york,simbolo,statua,Statua della Libertà
🗼	Torre di Tokyo	architettura,città,Giappone,Tokyo,Tokyo Tower,torre,Torre di Tokyo,torre rossa
🏰	castello	castello,edificio,fiaba,fiabe,palazzo
🏯	castello giapponese	asia,casa,castello,edificio,giappone,giapponese,palazzo
🏟	stadio	calcio,competizione,concerto,derby,domenica,giocare,gioco,partita,quiddich,sfida,sport,stadio
🎡	ruota panoramica	intrattenimento,london eye,luna park,panoramica,parco divertimenti,parco giochi,ruota
🎢	montagne russe	intrattenimento,luna park,montagne,parco divertimenti,russe
🎠	cavallo da giostra	cavallino,cavallo,cavallo da giostra,giostra,infanzia,intrattenimento
⛲	fontana	acqua,acqua che scorre,fontana
⛱	ombrellone	estate,mare,meteo,ombrellone,sole,spiaggia,vacanza
🏖	spiaggia con ombrellone	estate,mare,ombrellone,ombrellone in spiaggia,spiaggia,spiaggia con ombrellone,vacanze
🏝	isola deserta	isola,isola deserta,mare,naufrago,palma,solitudine,spiaggia,vacanza
🏜	deserto	arido,caldo,canyon,deserto,sole cocente
🌋	vulcano	eruzione,etna,Etna,lava,natura,Vesuvio,vulcano,vulcano in eruzione
⛰	montagna	arrampicata,cima,montagna,vetta
🏔	montagna innevata	cima,ghiacciaio,inverno,montagna,montagna innevata,paesaggio
🗻	Monte Fuji	Fuji,Giappone,montagna,monte,natura,paesaggio
🏕	campeggio	campeggio,lago,montagna,tenda,vacanza
⛺	tenda	accampamento,campeggio,tenda
🏠	casa	abitazione,casa,casa di campagna,casetta,edificio,fattoria,villetta
🏡	casa con giardino	abitazione,casa,casa con giardino,casa di campagna,casetta,edificio,giardino,nido,villa,villetta
🏘	case	casa,case,casetta,casette,cittadina,edifici,quartiere,residenziale,via,vicinato,vicini,vicino
🏢	edificio	edificio,edificio di uffici,edifico di uffici,palazzo,ufficio
🏣	ufficio postale giapponese	edificio,giapponese,palazzo,posta,ufficio postale,ufficio postale giapponese
🏥	ospedale	clinica,COVID,edificio,emergenza,infermiera,infermiere,malattia,medici,medicina,ospedale,pronto soccorso
🏦	banca	banca,denaro,edificio,finanza,mutuo,prelevare,soldi,wall street
🏨	hotel	albergo,edificio,hotel,palazzo
🏪	minimarket	24 ore,autogrill,edificio,minimarket,negozio,negozio aperto 24 ore,supermercato
🏫	scuola	alunni,classe,classi,edificio,imparare,insegnante,liceo,maestra,scuola,università
🏬	grande magazzino	centro,commerciale,edificio,grande magazzino
🏭	fabbrica	azienda,ciminiera,edificio,fabbrica,industria,industriale,inquinamento,produzione,stabile
⛪	chiesa	cappella,cattedrale,chiesa,cristianesimo,croce,edificio,religione
🕌	moschea	islam,islamismo,Islamismo,moschea,musulmani,musulmano,pregare,preghiera,religione
🕍	sinagoga	ebraismo,Ebraismo,religione,sinagoga,tempio ebraico
🌃	notte stellata	cielo,città,città di notte,luna,notte,notte stellata,stelle
🌆	città al tramonto	città,città al tramonto,edifici,paesaggio,tramonto
🌇	tramonto	città,skyline,sole che tramonta sulla città,tramonto
🌉	ponte di notte	Golden Gate,notte,paesaggio,ponte,ponte di notte,San Francisco
🌌	Via Lattea	lattea,nebulosa,notte,spazio,stelle,Via Lattea
🌁	nebbioso	clima,meteo,montagna con la nebbia,nebbia,nebbioso
⌚	orologio	orologio,orologio da polso,tempo
📱	telefono cellulare	cellulare,chiamare,comunicare,smartphone,telefono
💻	computer portatile	computer,notebook,PC,personal,portatile
⌨️	tastiera	computer,tasti,tastiera,tastiera senza fili
🖥	computer fisso	computer,computer fisso,desktop,desktop PC,monitor,PC tutto in uno
🖨	stampante	computer,fotocopie,periferica,periferiche,stampante,stampare,stampe,ufficio
🖱	mouse	computer,cursore,mouse,mouse senza fili,periferica,periferiche,ufficio
💽	minidisc	CD,computer,disc,disco,lettore,MD,mini disc,minidisc
💾	floppy disc	computer,disc,dischetto,floppy
💿	disco ottico	blu-ray,CD,computer,disco,disco ottico,DVD
📷	fotocamera	foto,fotocamera,fotografare,instagram,macchina fotografica,ricordi,scattare foto,selfie,viaggiare,video
📸	fotocamera con flash	flash,foto con flash,fotocamera,fotocamera con flash,fotografare,macchina fotografica,macchina fotografica con flash,ricordi,scattare foto,selfie
📹	videocamera	attore,attrice,camera,film,filmare,filmino,fotocamera,regista,registrare,telecamera,video,videocamera
🎥	cinepresa	cinema,cinepresa,film,filmare,hollywood,intrattenimento,registrare,telecamera
📞	cornetta	chiamami,chiamare,comunicazione,cornetta,cornetta del telefono,fisso,telefonare,telefono,ti chiamo,ti richiamo
☎️	telefono fisso	fisso,telefono,telefono di casa
📟	cercapersone	cercapersone,comunicazione,lavoro
📠	fax	computer,comunicazione,fax,periferiche,stampante,ufficio
📺	televisore	arredamento,televisione,televisore,TV
📻	radio	ascoltare,ascoltare la radio,musica,radio,stazioni radio
🎙	microfono radiofonico	cantare,microfoni,microfoni da studio,microfono,microfono da studio,microfono radiofonico,radio,registrazione,studio
⏱	cronometro	cronometrare,cronometro,gara,prendere il tempo
⏲	timer	orologio,timer
⏰	sveglia	attesa,mattino,ora,ore,suono,sveglia,svegliarsi,tempo
🕰	orologio da mensola	ora,orologio,orologio da mensola,sveglia,tempo
⌛	clessidra	clessidra,sabbia,tempo
⏳	clessidra che scorre	clessidra,clessidra che scorre,sabbia,tempo
📡	antenna satellitare	antenna,antenna parabolica,antenne paraboliche,antenne satellitari,comunicazione,parabola,satellitare,satellite,scienza,scienze,tecnologia
🔋	batteria	autonomia,batteria,batteria scarica,carica,pila,ricaricare,verde
🔌	spina elettrica	elettrica,elettricista,elettricità,presa elettrica,spina
💡	lampadina	brillante,elettrica,elettricità,eureka,fumetto,geniale,idea,lampadina,luce
🔦	torcia	elettrica,luce,pila,torcia
🕯	candela	a lume di candela,calore,candela,candela accesa,cera,cero,illuminare,luce
🗑	cestino	buttare,cartacce,cestino,rifiuti,ufficio
🛢	barile di petrolio	barile,barile di petrolio,bidone,fusto,petrolio
💸	soldi con le ali	banconota,banconota con le ali,soldi,soldi che volano,soldi con le ali
💵	banconota Dollaro	banca,banconota,banconote,contanti,denaro,Dollaro,moneta,soldi,valuta
💴	banconota Yen	banca,banconota,denaro,Giappone,soldi,valuta,Yen
💶	banconota Euro	banca,banconota,cash,crisi,denaro,Euro,millionario,soldi,valuta
💷	banconota Sterlina	banconote,brexit,cash,denaro,Gran Bretagna,millionario,pound,ricco,soldi,Sterlina,UK,valuta
💰	sacco di soldi	banca,borsa,contanti,denaro,dollari,oro,pagare,ricchezza,ricco,sacco per soldi,soldi,tesoro
💳	carta di credito	addebito,banca,carta,carta di credito,credito,denaro,pagare,soldi
💎	gemma	diamante,fidanzamento,gemma,gioiello,per sempre,pietra preziosa,romanticismo,romantico,soldi
⚖️	bilancia a doppio piatto	bilancia,bilancia a doppio piatto,chili,giustizia,grammi,pesare,piatti della bilancia,segno zodiacale,utensile
🔧	chiave inglese	attrezzo,chiave,diy,fai da te,idraulico,inglese,lavoro,meccanico,utensile
🔨	martello	attrezzo,bricolage,falegname,lavoro,martello,meccanico,muratore,operaio,riparare,riparazioni,utensile
⚒	piccone e martello	attrezzi,lavori manuali,manodopera,martello,operaio,piccone e martello,utensili
🛠	martello e chiave inglese	aggiustare,attrezzi,chiave inglese,impostazioni,lavorare,lavoro,lavoro manuale,martello,martello e chiave inglese,operaio,simbolo impostazioni,utensili
⛏	piccone	attrezzo,miniera,picconare,piccone,scalare,scavare,utensile
🔩	vite e bullone	attrezzo,bricolage,bullonare,bullone,dado,fai da te,fissare,lavori di casa,lavoro
⚙️	ingranaggio	componente,ingranaggio,meccanismo,ruota dentata
⛓	catene	anelli di una catena,catena,catene,imprigionare,incatenare
🔫	pistola ad acqua	arma,pistola,pistola ad acqua,revolver,sparare
💣	bomba	bomba,boom,emozione,esplosione,fumetto,pericolo
🔪	coltello da cucina	arma,chef,coltello,coltello da cucina,cucina,fame,posate
🗡	pugnale	affilato,arma,armi,combattere,pugnalare,pugnale,spada
⚔️	spade incrociate	armi,combattimento,duello,sfida,spada,spade,spade incrociate
🛡	scudo	cavaliere,combattimento,duello,medioevo,protezione,scudo,simbolo,torneo
🚬	sigaretta	area fumatori,fumare,fumo,sigaretta,simbolo
⚰️	bara	bara,funerale,morte,sepoltura,vampiro
🔮	sfera di cristallo	chiaroveggenza,chiromanzia,cristallo,futuro,magia,sfera,sfera di cristallo,sfera viola
📿	collana da preghiera	grani,perle,pregare,religione
💈	barbiere	barbiere,insegna
⚗️	alambicco	alambicco,chimica,esperimento,strumento
🔭	telescopio	astronomia,corpi celesti,costellazioni,galileo galilei,osservatorio,osservazione delle stelle,scientifico,scienza,spazio,stelle,telescopio,universo
🔬	microscopio	analisi,esperimento,microrganismo,microscopio,ricerca,scienza,scienziata,scienziato,strumento
🕳	buco	buco,fumetto,nero,tombino
💊	pillola	dottore,farmaco,malato,malattia,medicina,pillola,pillole,vitaminca
💉	siringa	ago,dottore,iniezione,malato,medicina,medico,ospedale,puntura,sangue,siringa,vaccinazione,vaccino
🌡	termometro	caldo,clima,freddo,meteo,temperatura,termometro
🚽	toilette	bagno,toilette,trono,water
🚿	doccia	aqua,doccia,fare la doccia,lavare,lavarsi
🛁	vasca	bagno,doccia,lavare,lavarsi,relax,vasca,vasca da bagno
🔑	chiave	casa,chiave,lucchetto,password,segreto,sicuro
🗝	chiave antica	chiave,chiave antica,chiudere a chiave,indizio,segreto,serratura
🚪	porta	aprire,armadio,chiudere,entrare,porta,portoncino,uscire
🛋	divano e lampada	casa,divano,divano e lampada,lampada,leggere,mobili,relax,riposare,salotto
🛏	letto	arredamento,dormire,hotel,letto,mobili,relax,sonno,stanchezza
🖼	quadro incorniciato	arte,cornice,dipinto,disegno,galleria,museo,opera d’arte,paesaggio,quadretto,quadro,quadro incorniciato
🛍	borse della spesa	acquisti,borsa,borse,borse della spesa,sacchetti,sacchetti regalo,shopping,spesa
🎁	regalo	dono,festa,fiocco,Natale,pacchetto,regalino,regalo,sorpresa
🎈	palloncino	auguri,compleanno,festa,palloncino
🎏	aquilone a forma di carpa	aquilone,aquilone a forma di carpa,carpa,festa,giapponese,pesce
🎀	fiocco	auguri,bambina,bebé,festa,fiocco,fiocco rosa,neonata
🎊	coriandoli	carnevale,congratulazioni,coriandoli,decorazioni,evviva,festa,festeggiare,palla,palla di coriandoli,stelle filanti
🎉	spara coriandoli	auguri,compleanno,congratulazioni,coriandoli,evviva,felicità,festa,party,spara coriandoli,stelle filanti,urrà,yahoo
✉️	busta	busta,comunicazione,corrispondenza,email,lettera,posta,ricevere posta
📩	posta in uscita	busta,busta con freccia,comunicazione,email,in uscita,lettera,mail,posta,posta in uscita,posta inviata
📨	posta in arrivo	busta,comunicazione,consegna,consegnare,e-mail,email,in arrivo,lettera,mail,posta,posta in arrivo,posta ricevuta
📧	e-mail	busta,comunicazione,e-mail,email,inviare,lettera,mail,posta,posta elettronica,ricevere
📦	pacco	cartone,collo,consegna,pacco,scatola,scatolone,spedizione
📪	cassetta postale chiusa bandierina abbassata	bandierina,buca delle lettere,casella postale,cassetta postale,cassetta postale chiusa bandierina abbassata,cassetta postale chiusa bandierina giù,chiusa,email,inviare,mail,posta,ricevere
📫	cassetta postale chiusa bandierina alzata	bandierina,buca delle lettere,cassetta postale,cassetta postale chiusa bandierina alzata,cassetta postale chiusa bandierina su,chiusa,comunicazione,email,inviare,mail,posta,ricevere
📬	cassetta postale aperta bandierina alzata	aperta,bandierina,buca delle lettere,cassetta postale,cassetta postale aperta bandierina alzata,cassetta postale aperta bandierina su,mail,posta
📭	cassetta postale aperta bandierina abbassata	aperta,bandierina,buca delle lettere,cassetta postale,cassetta postale aperta bandierina abbassata,cassetta postale aperta bandierina giù,cassetta postale con bandierina abbassata,consegna,inviare,mail,posta,ricevere
📮	cassetta delle lettere	buca delle lettere,c’è posta per te,cassetta delle lettere,inviare,lettera,posta,poste,ricevere,spedire
📝	memo	appunti,blocco note,block notes,comunicazione,matita,memo,nota,scrivere,taccuino
✏️	matita	disegnare,matita,matita con gomma,scrivere,scrivere a matita
🖊	penna a sfera	compiti,disegnare,penna,penna a sfera,scrivere,scrivere a penna,scuola,stilografica,ufficio
🖋	penna stilografica	cartuccia,inchiostro,penna,pennino,scrivere,scuola,stilo,stilografica,ufficio
📏	righello	geometria,matematica,misurare,riga,righello,scuola,strumento,studiare
📐	squadra	angoli,geometria,matematica,misurare,righello,scuola,squadra,triangolo
📌	puntina	collage,puntina,puntina da disegno,scuola,ufficio
📎	graffetta	clippy,fermaglio,graffa,graffetta,paperclip,ufficio
🔗	collegamento	collegamento,due anelli,link,simbolo link
📚	libri	biblioteca,compiti,doposcuola,leggere,libreria,libri,pila di libri,quaderni,romanzi,scuola,studiare,università
📖	libro aperto	compiti,istruzione,leggere,libreria,libro,libro aperto,romanzo,scuola
📰	quotidiano	giornale,notizia,quotidiano
🗞	quotidiano arrotolato	arrotolato,consegna a domicilio,giornale,giornali,giornali arrotolati,notizie,quotidiani,quotidiano
🔖	segnalibro	etichetta,leggere,lettura,libro,segnalibro
🏷	etichetta	etichetta,identificativo,prezzo,talloncino
💼	valigetta 24 ore	24 ore,borsa,documenti,lavoro,porta documenti,ufficio,valigetta,valigetta 24 ore
📁	cartella file	archiviare,archivio,cartella,computer,file,ufficio
📂	cartella aperta	aperta,cartella,file
🗂	divisori per schedario	archiviare,archivio,biblioteca,cassetto,divisori,divisori per schedario,documenti,ordinare,schedario,ufficio
📅	calendario	17,calendario,data,diciasette,giorno,ricorrenza,sfortuna,venerdì 17
📆	calendario a strappo	calendario,calendario a strappo,quando,tempo,venerdì 17
🗓	calendario a spirale	calendario,calendario a spirale,giorni,taccuino,tempo
📇	schedario	contatti,rolodex,Rolodex,schedario,schedario girevole,schedario rotante,ufficio,vintage
📈	grafico con andamento positivo	andamento ascendente,ascendente,aumentare,aumento,crescere,crescita,finanza,grafico,grafico con andamento positivo,linea,trend
📉	grafico con andamento negativo	andamento discendente,calo,crisi,discendente,economia,finanza,grafico,grafico con andamento negativo,trend
📊	grafico a barre	barre,dati,grafico,grafico a barre,statistica
📋	portablocco	appunti,blocco,blocco note,cartella,portablocco,tavoletta
🗒	blocco per appunti con spirale	appuntare,appunti,blocchetto degli appunti,blocco,blocco a spirale,blocco per appunti con spirale,scrivere
🗃	schedario da tavolo	archiviare,archivio,contenitore,documenti,scatola,schedario,schedario da tavolo,ufficio
🗄	schedario da ufficio	archiviare,armadietto schedario,cassetti,documenti,file,ordinare,schedario,schedario da ufficio,ufficio
🔍	lente di ingrandimento rivolta a sinistra	cerca,cercare,investigare,lente,lente d’ingrandimento,lente di ingrandimento rivolta a sinistra,lente ingrandimento,lente ingrandimento verso sinistra,verso sinistra
🔎	lente di ingrandimento rivolta a destra	cercare,investigare,investigatore,lente,lente di ingrandimento rivolta a destra,lente ingrandimento,lente ingrandimento verso destra,ricerca,spia,spiare,trovare
🔒	lucchetto chiuso	chiuso,chiuso a chiave,lucchetto,segreto,sicurezza
🔓	lucchetto aperto	aperto,chiuso,lucchetto,segreto,sicurezza
❤️	cuore rosso	amore,cuore,cuoricino,emozione,rosso
🧡	cuore arancione	amore,arancione,cuore,cuore arancio,emozione
💛	cuore giallo	amore,cuore,emozione,giallo,innamorato
💚	cuore verde	amore,cuore,emozione,verde
💙	cuore blu	amore,azzurro,blu,cuore,emozione
💜	cuore viola	amore,cuore,emozione,viola
🖤	cuore nero	crudele,cuore,dolore,nero,tristezza
💔	cuore infranto	amore,amore finito,cuore,emozione,infranto,spezzato,triste
❣️	punto esclamativo a cuore	cuore,punteggiatura,punto esclamativo,punto esclamativo a cuore,simbolo
💕	due cuori	amare,amore,anniversario,appuntamento,baci,cuori,due cuori,emozione,flirt,innamorato,romantico,rosa
💞	cuori che girano	adorabile,amore,appuntamento,carino,cuori che girano,cuoricini,cuoricino,emozione,girare
💓	cuore che batte	amore,battito,cuore,cuore che batte,cuore rosa,emozione,pulsazione
💗	cuore che cresce	amore,battito,cuore,cuore che batte,cuore che cresce,cuore che pulsa,cuore rosa,emozionato,emozione,nervoso
💖	cuore che luccica	amore,cuore,cuore che luccica,cuore rosa,emozionato,emozione,innamorata,innamorato,luccicare,luccichio
💘	cuore con freccia	amore,appuntamento,cuore con freccia,cupido,emozione,emozioni,freccia,innamorarsi,innamorati,romantico,rosa,san valentino
💝	cuore con fiocco	amore,cuore,cuore con fiocco,cuore rosa,cuore rosa con fiocco,emozione,fiocco,regalo,romantico,San Valentino
☮️	simbolo della pace	hippy,pace,Pace e amore,pacifico,Peace and Love,simbolo,simbolo della pace
✝️	croce latina	cattolicesimo,Cristianesimo,croce,croce latina,religione
☪️	mezzaluna e stella	Islam,Islamismo,mezzaluna,mezzaluna e stella,mezzaluna islamica,musulmano,religione,stella
🕉	Om	induismo,Induismo,mantra,Om,religione induista,religone
☸️	ruota del Dharma	Buddhismo,Dharma,Dharmacakra,religione,religione buddhista,ruota a otto raggi,ruota del Dharma
✡️	stella di David	David,Ebraismo,ebreo,sei punte,simbolo ebraico,stella,stella a sei punte,stella di David
🔯	stella a sei punte	chiromanzia,futuro,sei punte,stella,stella a sei punte
🕎	Menorah	candelabro,Ebraismo,Menorah,religione,sette bracci
☯️	Yin e Yang	Confucianesimo,religione,simbolo,Taoismo,Yin e Yang
☦️	croce ortodossa	Cristianesimo,croce,croce ortodossa,ortodossi,religione
⛎	Segno zodiacale dell’Ofiuco	Ofiuco,segno zodiacale,Segno zodiacale dell’Ofiuco,zodiaco
♈	Segno zodiacale dell’Ariete	Ariete,Segno zodiacale dell’Ariete,zodiaco
♉	Segno zodiacale del Toro	oroscopo,segno zodiacale,Segno zodiacale del Toro,Toro,zodiaco
♊	Segno zodiacale dei Gemelli	Gemelli,oroscopo,segno zodiacale,Segno zodiacale dei Gemelli,zodiaco
♋	Segno zodiacale del Cancro	Cancro,oroscopo,segno zodiacale,Segno zodiacale del Cancro,zodiaco
♌	Segno zodiacale del Leone	Leone,oroscopo,segno zodiacale,Segno zodiacale del Leone,zodiaco
♍	Segno zodiacale della Vergine	oroscopo,segno zodiacale,Segno zodiacale della Vergine,Vergine,zodiaco
♎	Segno zodiacale della Bilancia	Bilancia,oroscopo,segno zodiacale,Segno zodiacale della Bilancia,zodiaco
♏	Segno zodiacale dello Scorpione	oroscopo,Scorpione,segno zodiacale,Segno zodiacale dello Scorpione,zodiaco
♐	Segno zodiacale del Saggitario	oroscopo,Sagittario,segno zodiacale,Segno zodiacale del Saggitario,zodiaco
♑	Segno zodiacale del Capricorno	Capricorno,oroscopo,segno zodiacale,Segno zodiacale del Capricorno,zodiaco
♒	Segno zodiacale dell’Acquario	Acquario,segno zodiacale,Segno zodiacale dell’Acquario,zodiaco
♓	Segno zodiacale dei Pesci	oroscopo,Pesci,segno zodiacale,Segno zodiacale dei Pesci,zodiaco
🆔	pulsante ID	ID,identità,pulsante ID,simbolo ID
⚛️	simbolo dell’atomo	ateismo,atomo,fisica,simbolo dell’atomo
🉑	ideogramma giapponese di “Accettabile”	accettabile,accettare,cinese,giapponese,ideogramma,ideogramma giapponese di “Accettabile”
☢️	simbolo della radioattività	pericolo,radioattività,radioattivo,rifiuti tossici,scorie,simbolo della radioattività
☣️	simbolo del rischio biologico	biorischio,pericolo,rischio biologico,simbolo del rischio biologico,sostanze pericolose
📴	cellulare spento	cellulare,off,simbolo,spento,telefono
📳	modalità vibrazione	cellulare,modalità telefono,modalità vibrazione,telefono,telefono modalità
🈶	ideogramma giapponese di “A pagamento”	esistere,giapponese,ideogramma,ideogramma giapponese di “A pagamento”
🈚	ideogramma giapponese di “Gratis”	giapponese,gratis,ideogramma,ideogramma giapponese di “Gratis”,negazione
🈸	ideogramma giapponese di “Candidatura”	applicare,candidarsi,cinese,giapponese,ideogramma,ideogramma giapponese di “Candidatura”
🈺	ideogramma giapponese di “Aperto al pubblico”	aperto,aperto al pubblico,aperto per affari,cinese,giapponese,ideogramma,ideogramma giapponese di “Aperto al pubblico”,ideogramma in funzione,in funzione
🈷️	ideogramma giapponese di “Importo mensile”	cinese,giapponese,ideogramma,ideogramma giapponese di “Importo mensile”,luna,mese
✴️	stella stilizzata	asterisco,otto punte,stella,stella stilizzata
🆚	pulsante VS	contro,pulsante,simbolo contro,tasto,versus,vs
💮	fiore bianco	fiore,fiore bianco,fiorellino,simbolo ben fatto
🉐	ideogramma giapponese di “Occasione”	giapponese,ideogramma,ideogramma giapponese di “Occasione”,vantaggio
㊙️	ideogramma giapponese di “Segreto”	cinese,giapponese,ideogramma,ideogramma giapponese di “Segreto”,segreto
㊗️	ideogramma giapponese di “Congratulazioni”	cinese,congratulazioni,giapponese,ideogramma,ideogramma giapponese di “Congratulazioni”
🈴	ideogramma giapponese di “Voto di sufficienza”	cinese,giapponese,ideogramma,ideogramma giapponese di “Voto di sufficienza”,insieme,sufficienza
🈵	ideogramma giapponese di “Nessun posto libero”	cinese,giapponese,ideogramma,ideogramma giapponese di “Nessun posto libero”,nessun posto libero,pienezza,pieno
🈹	ideogramma giapponese di “Sconto”	dividere,giapponese,ideogramma,ideogramma giapponese di “Sconto”,prezzo scontato,sconto
🈲	ideogramma giapponese di “Proibito”	giapponese,ideogramma,ideogramma giapponese di “Proibito”,proibito
🅰️	gruppo sanguigno A	A,gruppo A,gruppo sanguigno A,lettera A,sangue
🅱️	gruppo sanguigno B	B,gruppo B,gruppo sanguigno B
🆎	gruppo sanguigno AB	AB,gruppo AB,gruppo sanguigno AB
🆑	pulsante CL	bottone,CL,pulsante,simbolo
🅾️	gruppo sanguigno 0	gruppo 0,gruppo O,gruppo sanguigno 0,gruppo sanguigno O,pulsante O,zero
🆘	pulsante SOS	aiuto,pulsante SOS,Segnale di SOS,simbolo di SOS,simbolo SOS,soccorsi,soccorso,SOS
❌	croce	croce,croce rossa,moltiplicazione,X
⭕	cerchio rosso vuoto	cerchio,cerchio rosso vuoto,gioco,pallino,tris
🛑	segnale di stop	geometria,ottagonale,ottagono,rosso,segnale,segnale di stop,stop
⛔	segnale di divieto di accesso	accesso,divieto,divieto di accesso,proibito,segnale di divieto di accesso,simbolo,stop,vietato
📛	tesserino per nome	badge,etichetta,etichetta a tulipano,giappone,giapponese,nome,tesserino,tesserino per nome,tulipano
🚫	segnale di divieto	divieto,proibito,segnale di divieto,simbolo,simbolo di divieto,vietato,vietato fumare,vietato l’accesso
💯	100 punti	100,cento,d’accordo,massimo,punteggio,punteggio pieno,punti,sicuro,tutto
💢	rabbia	arrabbiato,emozione,fumetto,rabbia,simbolo
♨️	sorgenti termali	acqua sorgente,acqua termale,sorgenti termali,terme
🚷	simbolo del divieto di transito pedoni	divieto transito pedoni,niente pedoni,no,no pedoni,proibito,segnale,simbolo,simbolo del divieto di transito pedoni,strada,vietato
🚯	simbolo del divieto di gettare rifiuti	buttare,divieto,proibito,simbolo,simbolo del divieto di gettare rifiuti,simbolo vietato gettare rifiuti,vietato gettare rifiuti
🚳	segnale di divieto di transito delle biciclette	bici,bicicletta,divieto bicicletta,divieto biciclette,divieto di transito,divieto transito biciclette,proibito,segnale,segnale di divieto di transito delle biciclette
🚱	simbolo di acqua non potabile	acqua,acqua non potabile,divieto,non potabile,rubinetto,simbolo,simbolo acqua non potabile,simbolo di acqua non potabile,vietato
🔞	simbolo di divieto ai minorenni	18,18 sbarrato,divieto,divieto ai minori,minori,proibito,simbolo di divieto ai minorenni,vietato,vietato ai minori,vietato ai minori di 18,vietato ai minori di anni 18
📵	simbolo che vieta l’uso dei cellulari	cellulari vietati,divieto,niente cellulare,no cellulare,no telefono,proibito,segnale,segno,simbolo,simbolo che vieta l’uso dei cellulari,telefono,vietato telefonare
❗	punto esclamativo rosso	esclamazione,punteggiatura,punto esclamativo,punto esclamativo pieno,punto esclamativo rosso
❓	punto interrogativo rosso	?,domanda,punteggiatura,punto di domanda,punto di domanda pieno,punto interrogativo,punto interrogativo rosso
❕	punto esclamativo bianco	!,esclamazione,punteggiatura,punto esclamativo,punto esclamativo bianco,punto esclamativo grigio,punto esclamativo vuoto
❔	punto interrogativo bianco	?,domanda,punteggiatura,punto di domanda,punto di domanda vuoto,punto interrogativo,punto interrogativo bianco,punto interrogativo grigio
‼️	doppio punto esclamativo	doppio punto esclamativo,esclamazione,punteggiatura,punti esclamativi,punto esclamativo
⁉️	punto esclamativo e interrogativo	punteggiatura,punto esclamativo,punto esclamativo e interrogativo,punto interrogativo
🔅	luminosità bassa	bassa,faretto,faro,luce,luminosità,simbolo luminosità,sole,tenue
🔆	luminosità elevata	alta luminosità,luminosità,luminosità elevata,luminoso,simbolo alta luminosità,sole
〽️	simbolo di alternanza delle parti	canzone,divisione spartito,parti musicali,segno,simbolo di alternanza delle parti,suddivisione parti
⚠️	simbolo di avviso	attenzione,pericolo,punto esclamativo,simbolo,simbolo di avviso,triangolo
🚸	attraversamento bambini	attraversamento,attraversamento pedonale,attraversare,bambini,pedoni,scuola,segnale,simbolo,strada,traffico
🔱	tridente	ancora,barca,dio del mare,favola,fiaba,marino,naufragio,nave,oceano,poseidone,simbolo,tridente
⚜️	giglio araldico	araldica,fiore,giglio,giglio araldico,simbolo,stemma
🔰	ideogramma giapponese di “Principiante”	etichetta gialla e verde principiante,gallone,giallo,ideogramma giapponese di “Principiante”,patente,principiante,simbolo principiante Giappone,verde,zig zag
♻️	simbolo del riciclaggio	raccolta differenziata,riciclaggio,riciclare,riciclo,simbolo,simbolo del riciclaggio
✅	pulsante segno di spunta	baffo,fatto,pulsante segno di spunta,segno di spunta,segno di spunta grande,spunta
🈯	ideogramma giapponese di “Riservato”	direzione,dito,giapponese,ideogramma,ideogramma giapponese di “Riservato”,indicare,riservato
💹	grafico ascendente	ascendente,banca,crescita,finanza,grafico yen in rialzo,in rialzo,mercati,mercato in salita,rialzo,trend,valute,yen
❇️	scintilla stilizzata	scintilla,scintilla stilizzata,simbolo
✳️	asterisco	*,asterisco,otto punte,stella
❎	croce con quadrato	croce con quadrato,croce verde,moltiplicazione,X con quadrato
🌐	globo con meridiani	globo,globo con meridiani,meridiani
💠	petalo di fiore	carino,decorazione,diamante,emozione,fiore,forma di diamante,geometria,petalo di fiore
Ⓜ️	pulsante M cerchiata	M azzurra,M cerchiata,metro,pulsante M cerchiata,simbolo M
🌀	ciclone	ciclone,mal di mare,meteo,nausea,spirale,tifone,tornado,vento
💤	sonno	dormire,dormita,fumetto,ho sonno,pisolino,russare,sonnellino,sonno,stanco,Zzz
🏧	simbolo dello sportello bancomat	ATM,banca,bancomat,denaro,prelevare,simbolo dello sportello bancomat,soldi,spiccioli
🚾	simbolo del WC	bagni,bagno,gabinetto,segnale,servizi,simbolo del WC,toilette,WC
♿	simbolo della disabilità	accesso,accesso sedia a rotelle,disabile,sedia a rotelle,simbolo,simbolo della disabilità,simbolo sedia a rotelle
🅿️	pulsante P	area di parcheggio,P,parcheggio,pulsante,tasto
🈳	ideogramma giapponese di “Posto libero”	cinese,disponibilità,giapponese,ideogramma,ideogramma giapponese di “Posto libero”,libero,posto libero,vuoto
🈂️	ideogramma giapponese di “Costo del servizio”	ideogramma giapponese di “Costo del servizio”,ideogramma katakana sa,katakana,parola,sa
🛂	simbolo del controllo passaporti	aeroporto,controllo,dogana,immigrazione,passaporti,passaporto,segnale,simbolo del controllo passaporti
🛃	simbolo della dogana	confine di Stato,controllo doganale,dogana,doganiere,frontiera,polizia,polizia di frontiera,simbolo della dogana,viaggiare
🛄	simbolo del ritiro bagagli	aereo,aeroporto,arrivare,bagagli,check in,gita,partire,pronti,ritiro,simbolo del ritiro bagagli,valigie,viaggio
🛅	simbolo del deposito bagagli	aeroporto,bagagli,deposito,servizio bagagli,sicurezza,simbolo del deposito bagagli,viaggiare
🏳️	bandiera bianca	arrendersi,bandiera,bandiera bianca,bandiera che sventola,sos,sventolare bandiera bianca
🏴	bandiera nera	bandiera,bandiera che sventola,bandiera nera
🏁	bandiera a scacchi	bandiera,bandiera a scacchi,circuito,corsa,gara,podio,scacchi,sport,vittoria
🚩	bandierina rossa	bandiera,bandiera rossa,bandiera rossa triangolare,bandierina,bandierina rossa,bandierina rossa triangolare,golf
🏳️‍🌈	bandiera arcobaleno	bisessuale,bisex,gay,genderqueer,glbtq,lesbica,lgbtqia,omosessuale,pace,pride,transgender
🇺🇸	bandiera: Stati Uniti	bandiera
🇬🇧	bandiera: Regno Unito	bandiera
🇨🇦	bandiera: Canada	bandiera
🇦🇺	bandiera: Australia	bandiera
🇳🇿	bandiera: Nuova Zelanda	bandiera
🇮🇪	bandiera: Irlanda	bandiera
🇫🇷	bandiera: Francia	bandiera
🇩🇪	bandiera: Germania	bandiera
🇪🇸	bandiera: Spagna	bandiera
🇮🇹	bandiera: Italia	bandiera
🇵🇹	bandiera: Portogallo	bandiera
🇳🇱	bandiera: Paesi Bassi	bandiera
🇧🇪	bandiera: Belgio	bandiera
🇨🇭	bandiera: Svizzera	bandiera
🇦🇹	bandiera: Austria	bandiera
🇸🇪	bandiera: Svezia	bandiera
🇳🇴	bandiera: Norvegia	bandiera
🇩🇰	bandiera: Danimarca	bandiera
🇫🇮	bandiera: Finlandia	bandiera
🇮🇸	bandiera: Islanda	bandiera
🇵🇱	bandiera: Polonia	bandiera
🇨🇿	bandiera: Cechia	bandiera
🇬🇷	bandiera: Grecia	bandiera
🇹🇷	bandiera: Turchia	bandiera
🇷🇺	bandiera: Russia	bandiera
🇺🇦	bandiera: Ucraina	bandiera
🇯🇵	bandiera: Giappone	bandiera
🇰🇷	bandiera: Corea del Sud	bandiera
🇨🇳	bandiera: Cina	bandiera
🇮🇳	bandiera: India	bandiera
🇧🇷	bandiera: Brasile	bandiera
🇲🇽	bandiera: Messico	bandiera
🇦🇷	bandiera: Argentina	bandiera
🇿🇦	bandiera: Sudafrica	bandiera
🇳🇬	bandiera: Nigeria	bandiera
🇰🇪	bandiera: Kenya	bandiera
🇪🇬	bandiera: Egitto	bandiera
🇮🇱	bandiera: Israele	bandiera
🇸🇦	bandiera: Arabia Saudita	bandiera
🇦🇪	bandiera: Emirati Arabi Uniti	bandiera
🇸🇬	bandiera: Singapore	bandiera
🇹🇭	bandiera: Thailandia	bandiera
🇻🇳	bandiera: Vietnam	bandiera
🇵🇭	bandiera: Filippine	bandiera
🇮🇩	bandiera: Indonesia	bandiera
