😀	rosto risonho	engraçado,feliz,lol,rindo,risada,riso,rosto,rosto risonho,sorridente
😃	rosto risonho com olhos bem abertos	aberto,boca,feliz,olhos arregalados,risada,risonho,rosto,rosto sorrindo com boca aberta,sorridente,sorrindo,sorriso
😄	rosto risonho com olhos sorridentes	aberta,boca,engraçado,feliz,haha,lol,risada,riso,risonho,sorridente,sorriso
😁	rosto contente com olhos sorridentes	feliz,olho,olhos sorrindo,rindo,rosto,rosto contente com olhos sorridentes,rosto rindo com olhos sorridentes,sorridente,sorrindo,sorriso,sorriso aberto
😆	rosto risonho com olhos semicerrados	gargalhada,gargalhando,hahaha,kkk,olhos fechados,rir,rosto,rosto risonho com olhos semicerrados,sorriso com olhos fechados,sorriso estilo XD
😅	rosto risonho com gota de suor	estressada,estressado,nervoso,rindo,rosto,rosto risonho com gota de suor,sorriso com suor frio,sorriso mas com suor frio,suando frio,suor frio
😂	rosto chorando de rir	alegria,chorando de rir,engraçada,engraçado,gargalhada,hahaha,kkk,lágrimas,lágrimas de alegria,rosto,rosto chorando de rir,rosto com lágrimas de alegria
🙂	rosto levemente sorridente	feliz,rosto,rosto levemente sorridente,rosto sorrindo,sorriso,sorriso leve
🙃	rosto de cabeça para baixo	de cabeça para baixo,rosto de cabeça para baixo,rosto invertido
😉	rosto com olho piscando	flerte,piscada,rosto,rosto com olho piscando,rosto piscando
😊	rosto sorridente com olhos sorridentes	alegre,encabulada,envergonhada,feliz,fofo,ruborizar,satisfeita,sim,sorriso,vergonha
😇	rosto sorridente com auréola	anjinho,anjo,auréola,inocente,rosto,rosto sorridente com auréola,sorriso,sorriso com auréola
🥰	rosto sorridente com 3 corações	amando,amei,amo,apaixonada,coração,crush,paixão,romance,rosto,sorridente,te amo
😍	rosto sorridente com olhos de coração	amor,apaixonado,coração,olhar apaixonado,olhos,olhos de coração,paixão,romance,rosto,rosto sorridente com olhos de coração
😘	rosto mandando um beijo	beijo,flerte,jogando beijos,mandando beijo,rosto,rosto jogando beijos,rosto mandando um beijo
😗	rosto beijando	beijo,rosto,rosto beijando,rosto com beijo
😚	rosto beijando com olhos fechados	beijando,beijando com os olhos fechados,beijinho,mandando beijo,olhos fechados,rosto,rosto beijando com olhos fechados
😋	rosto saboreando comida	apetitoso,comida gostosa,delicioso,gostoso,nham,rosto,rosto com sorriso,rosto saboreando,rosto saboreando comida,saboroso,sorriso
😜	rosto piscando e com língua para fora	brincadeira,língua para fora com piscadela,piscadela,piscando e mostrando a língua,provocação,rosto,rosto piscando e com língua para fora
🤪	rosto bizarro	cara de maluco,doida,doido,excêntrico,grande,louca,louco,olhar de maluco,olho,pequeno,rosto bizarro
😝	rosto com olhos semicerrados e língua para fora	eca,horrível,língua para fora,língua para fora com os olhos fechados,olhos fechados,rosto,rosto com olhos semicerrados e língua para fora
🤗	rosto abraçando	abraço,carinho,feliz,mãos abraçando,rosto,rosto abraçando,rosto sorrindo
🤔	rosto pensativo	curiosa,curioso,dúvida,hmm,ideia,ideias,mão no queixo,pensando,pensativa,pensativo,rosto
🤐	rosto com boca de zíper	boca fechada,calada,calado,quieta,quieto,rosto,rosto com boca de zíper,segredo,zíper
😐	rosto neutro	neutro,putz,rosto,rosto sem emoção,sem comentários,sem emoção,sem reação
😑	rosto inexpressivo	aff,inespressiva,inespressivo,nada a dizer,rosto,rosto inexpressivo,sem comentários,sem expressão,tanto faz
😶	rosto sem boca	calada,calado,quieto,rosto,rosto sem boca,sem boca,sem comentários,sem palavras
😏	rosto com sorriso maroto	flerte,rosto,rosto com sorriso maroto,sorriso maldoso,sorriso malicioso,sorriso maroto,suspeito
😒	rosto aborrecido	aff,blasé,nada engraçado,não achou graça,não está feliz,rosto,rosto aborrecido,rosto de que não achou graça,rosto de quem não achou graça
🙄	rosto com olhos revirados	olhando para cima,olhos,revirando os olhos,rolando os olhos,rosto,rosto com olhos revirados,tanto faz,virando os olhos
😬	rosto expressando desagrado	careta,fazendo careta,rosto,rosto expressando desagrado,rosto fazendo careta,sem graça
😌	rosto aliviado	alívio,em paz,rosto,rosto aliviado,zen
😔	rosto deprimido	abatido,chateado,deprimido,desanimado,pensativo,pra baixo,rosto
😪	rosto sonolento	cara de sono,rosto,rosto com sono,rosto sonolento
😴	rosto dormindo	boa noite,cama,cansada,cansado,cochilo,dormindo,dormir,rosto,soneca,sono,zzz
😷	rosto com máscara médica	doente,gripado,máscara,máscara médica,resfriado,rosto,rosto com máscara,rosto com máscara médica
🤒	rosto com termômetro	de cama,doente,febre,febril,rosto,rosto com termômetro,termômetro
🤕	rosto com atadura na cabeça	acidentado,doente,ferimento,machucado,rosto,rosto com atadura na cabeça,rosto com curativos
🤧	rosto espirrando	de cama,doente,espirrando,espirro,gripado,resfriado,rosto espirrando
🥵	rosto fervendo de calor	calor,febre,febril,insolação,língua de fora,ofegante,quente,rosto,rosto fervendo de calor,rosto vermelho,suando,suor
🥶	rosto gelado	abaixo de zero,azul,congelando,congelei,frio,gelado,gélido,glacial,rosto
😵	rosto atordoado	acabado,atordoado,doente,morto,rosto,tontura
🤯	cabeça explodindo	cabeça,chocada,chocado,chocante,choque,explodindo,incrível,perplexo,surpreendente,surpresa,surpreso
🤠	rosto com chapéu de caubói	cara,cara de cauboi,cauboi,caubói,cowboy,rosto,rosto com chapéu de caubói,sertanejo,vaqueiro
😎	rosto sorridente com óculos escuros	muito sol,na boa,óculos escuros,rosto,rosto sorridente com óculos escuros,sol,sorrindo,sorrindo de óculos escuros,sorriso de óculos,to legal
🤓	rosto de nerd	cdf,esperto,estudioso,inteligência,inteligente,nerd,óculos,óculos de grau,rosto de nerd,sabe tudo,sabe-tudo
😕	rosto confuso	confuso,indeciso,não entendi,não tenho certeza,rosto
😟	rosto preocupado	decepcionado,preocupado,rosto
🙁	rosto meio triste	rosto,rosto meio triste,triste,tristeza,tristinho
😮	rosto com boca aberta	boca,boca aberta,boquiaberto,empatia,pasmo,rosto,rosto com boca aberta
😯	rosto surpreso	espantado,rosto,surpreso,uau
😲	rosto espantado	chocado,estupefato,rosto,rosto espantado,totalmente chocado
😳	rosto ruborizado	atordoado,deslumbrado,horrorizado,impressionado,rosto,ruborizado,vergonha
😦	rosto franzido com boca aberta	aberta,assustado,boca,decepcionado,inesperado,rosto assustado,rosto franzido com boca aberta,uau
😨	rosto amedrontado	ansiedade,assustado,com medo,medo,preocupado,rosto,rosto amedrontado
😰	rosto ansioso com gota de suor	boca aberta,nervoso,rosto,rosto ansioso com gota de suor,rosto azul com suor frio,suando frio,suor frio
😥	rosto triste  mas aliviado	aliviado,decepcionado,não,rosto,triste,ufa
😢	rosto chorando	chorando,choro,lágrimas,rosto,triste
😭	rosto chorando aos berros	chorando,chorando alto,chorar,infeliz,lágrimas,rosto,rosto chorando aos berros,triste
😱	rosto gritando de medo	assustada,assustado,gritando,grito,medo,rosto,susto,temeroso
😖	rosto perplexo	bravo,frustrado,indignado,perplexo,rosto
😣	rosto perseverante	concentração,concentrado,dor de cabeça,foco,perseverança,perseverante,rosto
😞	rosto desapontado	decepção,desapontado,desapontamento,rosto,rosto decepcionado,triste
😓	rosto cabisbaixo com gota de suor	rosto,rosto cabisbaixo com gota de suor,rosto com suor frio,suando frio,suor frio
😩	rosto desolado	aborrecido,cansado,cansei,decepcionado,desolado,exausto,infeliz,perdi,rosto
😫	rosto cansado	cansado,desesperado,exausto,rosto
😤	rosto soltando vapor pelo nariz	brava,bravo,furiosa,furioso,irritada,irritado,rosto,rosto soltando vapor pelo nariz,soltando fumaça,triunfo,vitória
😡	rosto furioso	bravo,furioso,irado,rosto,vermelho,zangado
😠	rosto zangado	irado,rosto,zangado
🤬	rosto com símbolos na boca	boca,censurado,fala,mal,rosto,rude,símbolos,xingando
😈	rosto sorridente com chifres	cara,chifres,diabinho,diabo,malícia,rosto,roxa,sorridente,sorriso
💀	caveira	caveira,conto,corpo,fadas,morte,rosto
💩	cocô	cocô,estrume,excremento,fezes,pilha
🤡	rosto de palhaço	cara,circo,engraçado,palhaço,piada,rosto
👹	ogro	assustador,conto de fadas,demoníaco,japonês,malvado,máscara,monstro,ogro,oni,rosto
👻	fantasma	assombração,assombrado,buu,conto,fadas,fantasma,halloween,rosto
👽	alienígena	alienígena,extraterrestre,OVNI,rosto
🤖	rosto de robô	monstro,robô,robotizado,rosto
👋	mão acenando	acenando,aceno,até mais,está aí?,flw,mão,oi,olá,taí?,tchau
🤚	dorso da mão levantado	dorso,levantada,levantado,mão,para tudo,pare
✋	mão levantada	5,cinco,erguida,high five,levantada,mão,papel,pare,toca aqui
👌	sinal de ok	beliscar,certo,concordo,mão,ok,ótimo,rude,sinal,sinalizando
✌️	mão em V de vitória	beleza,mão,paz,sim,V de vitória,vitória
🤞	dedos cruzados	boa sorte,cruzados,dedos,mão,sorte,torcendo
🤟	gesto de "te amo"	amor,gesto,mão,te amo
🤘	saudação do rock	chifres,dedos,mão,metal,rock,saudação do rock
👈	dorso da mão com indicador apontando para a esquerda	costas,dedo,dorso,esquerda,indicador,mão
👉	dorso da mão com indicador apontando para a direita	apontar,costas,dedo,direita,dorso,indicador,mão
👆	dorso da mão com indicador apontando para cima	cima,costas,dedo,dedo para cima,dorso,indicador,mão
👇	dorso da mão com indicador apontando para baixo	abaixo,costas da mão,dedo,dedo apontado para baixo,dedo indicador,dedo para baixo,dorso da mão com dedo indicador apontando para baixo,embaixo
👍	polegar para cima	beleza,cima,concordo,dedão,joia,mão,ok,polegar,sim,sinal,valeu
👎	polegar para baixo	dedão,dedão para baixo,desaprovação,desaprovado,mão,não,não gostei,para baixo,polegar para baixo,ruim,sinal
✊	punho levantado	pedra,punho,punho erguido,punho levantado,solidariedade
👊	soco	beleza,fechado,força,mão,punho,soco,tá ligado
👏	mãos aplaudindo	aplauso,bom trabalho,mãos,mãos aplaudindo,palmas,parabéns,sinal
🙌	mãos para cima	ambas as mãos,comemoração,levantando ambas as mãos para comemorar,mãos para cima,viva
🙏	mãos juntas	gesto,mão,mãos juntas,reza,rezando,rezar
💪	bíceps	academia,bíceps,contraído,engraçado,forte,musculação,músculo
🦵	perna	chute,joelho,membro,pé,perna,perna dobrada
👀	olhos	olhando,olho,olhos,rosto,tô de olho
👣	pegadas	corpo,gravura,pé,pegadas,pés descalços,rastro
👶	bebê	bebê,bebezinho,grávida,neném,pessoas,recém-nascido
🧒	criança	criança,filho,jovem,neto,pequeno
👦	menino	garoto,guri,jovem,loiro,menino,pessoas,piá
👧	menina	filha,garota,menina,menininha,neta,pessoas
🧑	pessoa	adulta,adulto,pessoa
👨	homem	adulto,amigo,homem,irmão,marido,namorado
👩	mulher	adulta,garota,guria,loira,menina,mina,mulher
🧓	idoso	adulto,avô,idoso,sábio,velho,vovó
🙋	pessoa levantando a mão	dúvida,eu,eu sei,feliz,gesto,levantando a mão,levantar a mão,mão,pessoa,pessoa levantando a mão
🤦	pessoa decepcionada	como assim,decepção,decepcionada,decepcionado,desapontamento,descrença,inacreditável,meu deus,não acredito,não é possível,pessoa,pessoa dececionada
🤷	pessoa dando de ombros	dar de ombros,dúvida,ignorância,indiferença,não sei,ombros,pessoa,pessoa dando de ombros,quem sabe,sei lá,tanto faz
💁	pessoa com a palma virada para cima	ajuda,diva,divo,fala sério,fofoca,informações,jogada de cabelo,mão,pessoa,pessoa com a mão virada para cima,pessoa com a palma virada para cima,sarcasmo
🙇	pessoa fazendo reverência	arrependimento,desculpa,desculpe,gesto,meditação,perdão,pessoa,pessoa fazendo reverência,reverência,reverência respeitosa
💃	mulher dançando	bailarina,dança,dançando,flamenco,mulher,pessoas,salsa,tango,vamos dançar
🕺	homem dançando	dançando,homem
👪	família	família,filho,mãe,pai,pessoas,um filho
🐶	rosto de cachorro	animal,cachorro,rosto,rosto de cachorro
🐱	rosto de gato	animal,felino,gatinho,gato,rosto,rosto de gato
🐭	rosto de camundongo	animal,camundongo,ratinho,rato,rosto,rosto de camundongo
🐹	rosto de hamster	animal,hamster,rosto,rosto de hamster
🐰	rosto de coelho	animal,coelho,rosto,rosto de coelho
🦊	rosto de raposa	animal,bicho,raposa,rosto,rosto de raposa
🐻	rosto de urso	animal,rosto,rosto de urso,urso
🐼	rosto de panda	animal,panda,rosto,rosto de panda
🐨	coala	animal,coala
🐯	rosto de tigre	animal,rosto de tigre,tigre
🦁	rosto de leão	animal,leão,rosto,rosto de leão,zodíaco
🐮	rosto de vaca	animal,fazenda,leite,muuu,rosto,rosto de vaca,vaca,vaquinha
🐷	rosto de porco	animal,porco,rosto,rosto de porco
🐽	nariz de porco	animal,nariz,nariz de porco,porco,rosto
🐸	sapo	animal,rosto,rosto de sapo,sapo
🐵	rosto de macaco	animal,macaco,rosto,rosto de macaco
🙈	macaco que não vê nada	envergonhado,macaco,não veja o mal,não vi nada,olhos,tapados,vergonha
🙉	macaco que não ouve nada	macaco,não ouça o mal,não ouço,não ouve nada,não quero ouvir,ouvidos,tapados
🙊	macaco que não fala nada	animal,boca tapada,macaco,não,não fale nada,não posso contar,não posso falar,segredo,silencio,ups
🐒	macaco	animal,macaco
🐔	galinha	animal,ave,galinha
🐧	pinguim	animal,antartica,frio,pinguim
🐦	pássaro	animal,pássaro
🐤	pintinho de perfil	animal,ave,bebê,filhote,galinha,pintinho,pintinho de perfil,pinto,rosto de pintinho
🦆	pato	animal,pássaro,pato
🦅	águia	águia,pássaro
🦉	coruja	coruja,pássaro,sabedoria
🦇	morcego	animal,morcego,vampiro
🐺	rosto de lobo	animal,lobo,rosto,rosto de lobo
🐗	javali	animal,javali
🐴	rosto de cavalo	animal,cavalo,equino,rosto,rosto de cavalo
🦄	rosto de unicórnio	animal,rosto,rosto de unicórnio,unicórnio
🐝	abelha	abelha,animal,inseto,natureza
🐛	inseto	animal,centopeia,inseto,lagarta
🦋	borboleta	beleza,borboleta,inseto
🐌	caracol	animal,caracol,escargot
🐞	joaninha	animal,besouro,inseto,joaninha,tipo de besouro
🐜	formiga	animal,formiga,inseto
🕷	aranha	animal,aranha,dias das bruxas,halloween,inseto
🦂	escorpião	animal,deserto,escorpião,inseto,zodíaco
🐢	tartaruga	animal,tartaruga
🐍	cobra	animal,cobra,réptil,serpente
🦎	lagartixa	animal,lagartixa,lagarto,réptil
🐙	polvo	animal,oceano,octopus,polvo
🦑	lula	animal,comida,lula,molusco
🦐	camarão	animal,camarão,comida,crustáceo
🦀	caranguejo	animal,animal marinho,Câncer,caranguejo,signo de câncer,zodíaco
🐡	baiacu	animal,baiacu,peixe
🐠	peixe tropical	animal,peixe,peixe tropical
🐟	peixe	animal,peixe,Peixes,pesca,pescar,signo de peixes,zodíaco
🐬	golfinho	animal,golfinho,oceano
🐳	baleia esguichando água	animal,baleia,baleia esguichando água,esguicho
🐋	baleia	animal,baleia,mar,oceano
🦈	tubarão	peixe,tubarão
🐊	crocodilo	animal,crocodilo,jacaré
🐅	tigre	animal,tigre
🐆	leopardo	animal,leopardo,onça
🦓	zebra	animal,listra,listras,zebra
🦍	gorila	animal,gorila,macaco
🐘	elefante	animal,elefante
🦏	rinoceronte	animal,rinoceronte
🐪	camelo	animal,camelo,camelo de uma só corcova,corcova,deserto,dromedário
🐫	camelo com duas corcovas	animal,camelo,camelo asiático com duas corcovas,camelo com duas corcovas,corcova,deserto
🦒	girafa	animal,girafa
🐃	búfalo-asiático	água,animal,búfalo,búfalo-asiático
🐄	vaca	animal,fazenda,vaca
🐎	cavalo	animal,cavalo,corrida,equestre
🐖	porco	animal,porco
🐏	carneiro	animal,áries,carneiro,chifre,zodíaco
🐑	ovelha	animal,fazenda,lã,ovelha
🐐	cabra	animal,bode,cabra,capricórnio,zodíaco
🦌	cervo	animal,cervo,veado
🐕	cachorro	animal,cachorro,cão
🐩	poodle	animal,cachorro,poodle
🐈	gato	animal,felino,gato
🐓	galo	animal,ave,galo
🦃	peru	animal,ave,peru,peru de natal
🕊	pomba branca	animal,ave branca,pássaro,paz,pomba,pomba branca
🐇	coelho	animal,coelhinho,coelhinho da páscoa,coelho
🐁	camundongo	animal,camundongo,ratinho
🐀	rato	animal,ratazana,rato
🐿	esquilo	animal,esquilo
🌵	cacto	cacto,deserto,natureza,planta,seca
🎄	árvore de natal	árvore,comemoração,Natal,pinheirinho
🌲	conífera	árvore,árvore de pinheiro,conífera,floresta,natal,pinheirinho,pinheiro
🌳	árvore caidiça	árvore,árvore cheia,caidiça,desfolha,natureza
🌴	palmeira	árvore,árvore de palmeira,coqueiro,palmeira
🌱	muda de planta	brotar,broto,jovem,muda,muda de planta,planta jovem,plantinha
🌿	erva	erva,folha,planta
☘️	trevo	Irlanda,irlandês,planta,trevo,trevo de três folhas
🍀	trevo de quatro folhas	folhas,irlandês,planta,quatro,sorte,sortudo,trevo,trevo de quatro folhas
🍁	folha de bordo	folha,folha caída,folha de bordo,folha vermelha,maple,outono
🍂	folhas caídas	caídas,cair,folha,folhas,outono
🍃	folha ao vento	folha,folha ao vento,soprando,vento
🌺	hibisco	flor,hibisco,planta,primavera
🌸	flor de cerejeira	cereja,cerejeira,flor,flor de cerejeira,planta,primavera
🌼	flor	flor,florescer,planta
🌻	girassol	flor,girassol,planta
🌞	rosto do sol	praia,rosto,sol
🌝	rosto da lua cheia	cheia,lua,lua cheia com rosto,lua com rosto,rosto,rosto da lua cheia
🌛	rosto da lua de quarto crescente	crescente,lua,noite,quarto,rosto
⭐	estrela branca média	amarela,astronomia,estrela
🌟	estrela brilhante	brilhante,brilho,cintilante,estrela,luminosa,reluzente
✨	brilhos	*,brilhantes,brilhos,estrelas,faíscas,mágica
⚡	alta tensão	alta,eletricidade,natureza,perigo,relâmpago,sinal,tensão
🔥	fogo	chama,fogo
🌈	arco-íris	arco-íris,chuva,clima,gay,lésbica,lgbt,lgbtqia+,natureza,orgulho,queer,transgênero
☁️	nuvem	clima,nuvem
❄️	floco de neve	clima,floco,floco de neve,frio,neve
💧	gota	com suor,engraçado,gota,gota de suor,suor
🌊	onda	água,mar,oceano,onda,praia,surfe,tsunami
🍏	maçã verde	comida,fome,fruta,maçã,verde
🍎	maçã vermelha	fruta,maçã,vermelha
🍐	pera	comida,fome,fruta,pera
🍊	tangerina	cítrica,fruta,laranja,tangerina
🍋	limão	azedo,cítrico,fruta,lima,limão,limão siciliano
🍌	banana	banana,fruta
🍉	melancia	fruta,melancia
🍇	uvas	fruta,uva,uvas
🍓	morango	comida,fome,fruta,frutas vermelhas,morango
🍈	melão	fruta,melão
🍒	cereja	cereja,comida,fome,fruta,frutas vermelhas
🍑	pêssego	fruta,pêssego
🍍	abacaxi	abacaxi,comida,fome,fruta
🥥	coco	coco,fruta,palmeira,piña colada
🥝	kiwi	comida,fruta,kiwi
🍅	tomate	fruta,fruto,legume,tomate,vegetal
🥑	abacate	abacate,comida,fruta
🍆	berinjela	beringela,berinjela,comida,legume,vegetal
🥔	batata	batata,comida,fome,legume,vegetal
🥕	cenoura	cenoura,comida,fome,legume,salada,vegetal
🌽	milho	comida,espiga,espiga de milho,fome,milho
🌶	pimenta	apimentada,apimentado,pimenta,tempero
🥒	pepino	comida,fome,legume,pepino,picles,salada,vegetal
🥦	brócolis	brócoli,brócolis
🍄	cogumelo	champignon,cogumelo,fungo,mario,planta
🥜	amendoim	amendoim,comida
🌰	castanha	castanha,planta
🍞	pão	pão,pão de forma,pão para fatiar,restaurante,torrada,tostex
🥐	croissant	café da manhã,comida,croissant,fome,pão
🥖	baguete	baguete,bisnaga,comida,pão,pão francês
🥨	pretzel	pão torcido,pretzel
🧀	queijo	comida,fome,queijo,queijo suíço
🥚	ovo	comida,fome,ovo
🍳	ovo frito	comida,culinária,frigideira,ovo,ovo estrelado,ovo frito,restaurante
🥞	panquecas	café da manhã,comida,crepes,fome,panquecas
🥓	bacon	bacon,comida,fome,toucinho
🥩	corte de carne	bife,carne,carne vermelha,corte de carne,costela de cordeiro,costeleta,costeleta de porco,porco
🍗	coxa de frango	aves,comida,coxa,coxa de frango,coxinha,fome,osso,peru,restaurante
🍖	carne	carne,carne com osso,carne no osso,churras,churrasco,osso,restaurante
🌭	cachorro-quente	cachorro quente,cachorro-quente,hot dog,pão com salsicha,pão com vina,vina
🍔	hambúrguer	búrguer,cheese burguer,hambúrguer,restaurante
🍟	batata frita	batata frita,comida,fast food,fome,fritas,lanchonete,restaurante
🍕	pizza	fatia,pizza,restaurante
🥪	sanduíche	pão,pão de forma,sanduíche
🌮	taco	comida mexicana,mexicano,taco,tacos
🌯	burrito	burrito,comida mexicana,mexicano
🥗	salada verde	comida,fome,restaurante,salada,verde
🥘	caçarola com comida	caçarola,caçarola com comida,comida,fome,paella,panela,rasa
🍝	espaguete	comida,espaguete,fome,italiano,macarrão,macarronada,restaurante
🍜	lámen	comida,fome,lámen,macarrão,miojo,quentinha,ramen,restaurante,sopa,tigela,tigela de macarrão
🍲	panela	ensopado,panela,restaurante,tigela de comida
🍛	arroz com curry	arroz,arroz com curry,curry,curry e arroz,restaurante
🍣	sushi	comida japonesa,restaurante,restaurante japonês,sashimi,sushi
🍱	bentô	almoço japonês,bentô,caixa,caixa de bentô,restaurante
🥟	bolinho asiático	asiático,bolinho,chinês,dumpling,empanada,gyōza,jiaozi,massa,pierogi,potsticker
🍤	camarão frito	camarão,camarão empanado,camarão frito,restaurante,tempura
🍙	arroz japonês	arroz,bolinho de arroz,comida,fome,japonês,onigiri,restaurante
🍚	arroz cozido	arroz,arroz cozido,comida,fome,restaurante
🍘	biscoito de arroz	arroz,biscoito de arroz,bolacha de arroz,cracker
🍥	bolinho de peixe	bolinho de peixe,croquete,peixe,redemoinho,restaurante
🍡	dango	bolinho de mochi,bolinho de mochi no espetinho,bolinho japonês,comida,dango,doce,fome,japonês,mochi,mochiko,sobremesa
🍦	sorvete italiano	doce,fome,sobremesa,sorvete,sorvete de casquinha,sorvete de massa,sorvete italiano,sorvete na casquinha
🍰	pão de ló de morango	bolo,bolo recheado,doce,fatia,fatia de bolo,pão de ló,pão de ló de morango,restaurante,sobremesa
🎂	bolo de aniversário	aniversário,bolo,bolo de aniversário,comemoração,doce,feliz aniversário,festa,niver
🍮	pudim	pudim,pudim de leite,pudim de ovos,restaurante
🍭	pirulito	bala,doce,pirulito
🍬	bala	bala,balinha,doce
🍫	chocolate	barra,barra de chocolate,chocolate,doce,fome
🍿	pipoca	balde,cinema,pipoca
🍩	donut	comida,donut,fome,restaurante,rosquinha,sonho doce
🍪	biscoito	biscoito,bolacha,comida,cookie,doce,fome,sobremesa
☕	café	café,cafeína,cafezinho,chá,inverno,quente
🍵	xícara de chá sem alça	bebida,chá,chá verde,xícara,xícara de chá,xícara de chá sem alça
🥤	copo com canudo	água,canudo,copo,copo com canudo,refrigerante,suco
🍶	saquê	bar,bebida,copo,garrafa,garrafa e copo de saquê,japonês,restaurante,saquê
🍺	cerveja	bar,bebida,caneca,caneca de cerveja,cerveja,chopp,gelada,happy hour,restaurante
🍻	canecas de cerveja	bar,caneca,cerveja,chope,Chopp,restaurante
🥂	taças brindando	brinde,champagne,champanhe,comemoração,taça,taças brindando,tim-tim
🍷	vinho	bar,bebida,cálice de vinho,restaurante,taça,vinho
🥃	copo	bar,bebida,copo,drink,whisky
🍸	coquetel	bar,beber,bebida,cachaça,coquetel,happy hour,martini,restaurante,taça,taça de coquetel
🍹	bebida tropical	bar,bebida,coquetel,coquetel de frutas,drink,happy hour,restaurante,tropical
🍾	garrafa de champanhe	aniversário,bar,champagne,champanha,champanhe,cidra,comemorar,espumante,estourar,festa,garrafa,parabéns
🥄	colher	colher,talher
🍴	garfo e faca	almoço,comer,comida,faca,fome,garfo,garfo e faca,jantar,restaurante,talher,talheres
🍽	prato com talheres	almoço,faca,fome,garfo,jantar,prato,prato com talheres ao lado,restaurante,talheres
🥢	hashi	comida japonesa,hashi,pauzinhos
⚽	bola de futebol	bola,futebol,jogar
🏀	bola de basquete	basquete,bola,cesta,esporte,jogo
🏈	bola de futebol americano	americano,bola,esporte,futebol,super bowl
⚾	bola de beisebol	beisebol,bola,esportes
🎾	tênis	bola,esporte,raquete,tênis
🏐	bola de vôlei	bola,jogar,jogo,vôlei
🏉	bola de rugby	americano,bola,esporte,futebol,rugby
🎱	bilhar	bilhar,bola oito,jogo
🏓	pingue-pongue	mesa,pingpong,pingue-pongue,raquete,tênis
🏸	badminton	badminton,jogo,peteca,raquete
🥅	gol	esporte,futebol,gol,goleira,goleiro,rede
🏒	hóquei no gelo	disco,gelo,hóquei,hóquei no gelo,jogo,taco
🏑	hóquei de campo	bola,campo,hóquei,hóquei de campo,jogo,taco
🏏	críquete	betes,bola,críquete,jogo,taco
⛳	bandeira no buraco	bandeira,buraco,esporte,golfe
🏹	arco e flecha	arco,arco e flecha,arma,flecha,sagitário,zodíaco
🎣	pesca	entretenimento,peixe,pesca,pescador,pescaria,recreação,vara
🥊	luva de boxe	boxe,esporte,luta,luva
🥋	quimono de artes marciais	artes,esporte,faixa,judô,karatê,marciais,preta,quimono,taekwondo,uniforme
⛸	patins de gelo	gelo,patinação,patins
🎿	esqui	bota,esporte,esqui,esquiar,neve
⛷	esquiador	esporte,esqui,esquiador,frio,neve
🏂	praticante de snowboard	esporte,inverno,neve,ski,snowboard
🏋️	pessoa levantando peso	bodybuilder,esporte,fisiculturista,força,levantar,peso
🤼	pessoas lutando	combate,esporte,greco-romana,livre,luta,lutador,pessoa,torneio
🤸	pessoa fazendo estrela	animada,animado,esporte,estrela,estrelinha,feliz,ginasta,ginástica,pessoa
⛹️	pessoa jogando basquete	arremesso,atleta,basquete,bater bola,bola,cesta,esporte,jogador,lance livre
🤺	esgrimista	esgrima,esgrimista,espada,esporte,pessoa
🤾	handebol	atleta,bola,esporte,gol,handball,handebol,jogador,passe,pessoa
🏌️	golfista	bola,esporte,golf,golfe,golfista,jogando
🏇	corrida de cavalos	cavalo,corrida,esporte,jockey,jóquei
🧘	pessoa na posição de lótus	cruzadas,ioga,lótus,meditação,pernas,posição,postura,relaxar,serenidade,yoga,zen
🏄	surfista	esporte,onda,ondas,pessoa,praia,prancha,surf,surfista
🏊	pessoa nadando	esporte,nadar,natação,olimpíada,triatlo
🤽	pessoa jogando polo aquático	aquático,competição,esporte,pessoa,piscina,polo
🚣	pessoa remando	barco,bote,canoa,mar,oceano,pessoa,remo,rio
🧗	pessoa escalando	alpinista,escalada,escalando,escalar,esporte,montanha
🚴	ciclista	bicicleta,bike,ciclismo,ciclista,esporte,pedalar
🚵	pessoa fazendo mountain bike	bicicleta,ciclismo,ciclista,esporte,montanha,mountain bike,pedalando,trilha
🎪	circo	circo,entretenimento,lona,lona de circo,tenda
🎭	máscara	arte,ator,atriz,drama,dramática,entretenimento,espetáculo,máscara,peça,performance,teatro
🎨	paleta de tintas	arte,artista,artística,museu,paleta,pintor,pintura,tinta
🎬	claquete	cena,claquete,entretenimento,filme,tomada
🎤	microfone	cantar,entretenimento,karaokê,mic,microfone,música
🎧	fones de ouvido	entretenimento,fone,música,ouvido,som
🎼	partitura musical	música,partitura,partitura musical
🎹	teclado musical	instrumento,instrumento musical,música,piano,teclado,teclado musical
🥁	tambor	baquetas,música,percussão,tambor
🎷	saxofone	instrumento,instrumento musical,música,sax,saxofone
🎺	trompete	instrumento,instrumento musical,música,trompete
🎸	guitarra	guitarra,instrumento,instrumento musical,música
🎻	violino	instrumento,instrumento musical,música,violino
🎲	jogo de dado	dado,dados,jogo,sorte
🎯	no alvo	alvo,certeiro,dardos,jogo,mira,mosca,tiro
🎳	boliche	bola,boliche,jogo,strike
🎮	videogame	controle,game,jogo,jogos,playstation,video,videogame,xbox
🎰	caça-níquel	aposta,azar,caça-níquel,cassino,jogo,máquina
🧩	quebra-cabeça	dica,encaixe,peça,quebra-cabeça
🏆	troféu	campeã,campeão,prêmio,troféu
🥇	medalha de ouro	1o. lugar,1º. lugar,medalha,ouro,vitória
🥈	medalha de prata	2o. lugar,2º. lugar,medalha,prata,segundo
🥉	medalha de bronze	3o. lugar,3º. lugar,bronze,medalha,terceiro
🏅	medalha esportiva	medalha,medalha esportiva,vitória
🎖	medalha militar	condecoração,medalha,militar,prêmio
🎗	fita de lembrete	celebração,comemoração,fita de lembrete,laço,lembrete
🎫	ingresso	entretenimento,ingresso
🎟	ingresso de cinema	cinema,entrada,ingresso,ticket
🚗	carro	automóvel,carro,veículo
🚕	táxi	táxi,veículo
🚙	SUV	carro,SUV,trailer,veículo,veículo recreacional
🚌	ônibus	ônibus,transporte público,veículo
🚎	trólebus	bonde elétrico,ônibus,ônibus movido a eletricidade,trólebus,veículo
🏎	carro de corrida	automobilismo,carro,carro de corrida,corrida
🚓	viatura policial	carro patrulha,polícia,veículo,viatura policial
🚑	ambulância	ambulância,veículo
🚒	carro do corpo de bombeiros	bombeiro,caminhão do corpo de bombeiros,carro,carro do corpo de bombeiros,fogo,incêndio,veículo
🚐	van	mini ônibus,ônibus,van,veículo,veraneio
🚚	caminhão de entrega	caminhão,caminhão de entrega,veículo
🚛	caminhão	caminhão,caminhão articulado,semi,trailer,veículo
🚜	trator	obra,trator,veículo
🛴	patinete	brinquedo,patinete
🚲	bicicleta	bicicleta,bike,veículo
🛵	scooter	monareta,motinho,moto,motoca,scooter
🏍	motocicleta	corrida,moto,motocicleta,veículo
🚨	sirene	carro da polícia,farol policial,luz de viatura policial,luz giratória,sirene
🚔	viatura policial se aproximando	polícia,veículo,viatura policial,viatura policial se aproximando
🚍	ônibus se aproximando	ônibus,ônibus se aproximando,se aproximando,veículo
🚘	carro se aproximando	automóvel,carona,carro,carro se aproximando,chegada,se aproximando,veículo
🚖	táxi se aproximando	chegada,táxi,transporte,veículo
🚡	teleférico	aérea,bonde,gôndola,linha,teleférico,veículo
🚠	teleférico de montanha	bonde,cabo,cabo suspenso usado em teleféricos nas montanhas,montanha,teleférico,teleférico na montanha,veículo
🚟	estrada de ferro suspensa	estrada de ferro,estrada de ferro suspensa,suspensão,trem,veículo
🚃	vagão de trem	bonde,elétrico,ferroviário,transporte,trem,trólebus,vagão,veículo
🚋	bonde	bonde,bonde elétrico,carro,trólebus,veículo
🚞	estrada de ferro na montanha	carro,estrada de ferro,estrada de ferro na montanha,montanha,teleférico,veículo
🚝	monotrilho	monotrilho,trem,veículo
🚄	trem de alta velocidade	alta,bala,japonês,trem,trens,veículo,velocidade,veloz
🚅	trem de alta velocidade japonês	bala,ferrovia,japão,trem,velocidade,veloz,viagem
🚈	trem urbano	chegada,cheguei,leve,trem,trem urbano,veículo
🚂	locomotiva	locomotiva,trem,vapor,veículo
🚆	trem	ferrovia,trem,veículo
🚇	metrô	metrô,trem,túnel,túnel subterrâneo,veículo
🚊	bonde elétrico	bonde elétrico,trólebus,veículo
🚉	estação	estação,estação de trem,metrô,trem
✈️	avião	aéreo,avião,veículo,viajar,voar,voo
🛫	avião decolando	avião,decolar,férias,fui,partindo,partiu,viagem,viajando
🛬	avião aterrissando	aterrissagem,aterrissando,avião,chegando,pousando,veículo,voltando
🚀	foguete	espaço,foguete,veículo
🛸	disco voador	alienígena,disco,ET,extra,óvni,terrestre,voador
🚁	helicóptero	helicóptero,veículo,viagem,viajar,voo
🛶	canoa	barco,canoa
⛵	barco a vela	barco,iate,navegar,oceano,praia,resort,vela
🚤	lancha	barco,férias,lancha,praia,veículo,verão
🛳	cruzeiro	barco,cruzeiro,embarcação,navio,passageiros,veículo
⛴	balsa	balsa,barco,ferry,ferry boat,ferry-boat,navegar
🚢	navio	aquático,barco,cruzeiro,férias,navio,veículo,viagem
⚓	âncora	âncora,marinha,navegar,sinal
🚧	em construção	construção,em construção,símbolo,símbolo para “em construção”
⛽	posto de gasolina	abastecer,álcool,bomba,combustível,gasolina,posto
🗺	mapa-múndi	geografia,mapa,mapa-múndi,mundo
🗿	moai	estátua,moai,moyai,Moyai,rosto
🗽	Estátua da Liberdade	estátua,Estátua da Liberdade,liberdade
🗼	Torre de Tóquio	Japão,Tóquio,torre,Torre de Tóquio
🏰	castelo	castelo,castelo europeu,castelo medieval,prédio
🏯	castelo japonês	castelo,japonês,pagoda,pagode,prédio
🏟	estádio	arena,estádio
🎡	roda gigante	entretenimento,gigante,parque de diversões,roda
🎢	montanha russa	entretenimento,montanha,parque de diversões,parque temático,russa
🎠	carrossel	carrossel,cavalo,cavalo de carrossel,entretenimento,parque de diversão
⛲	fonte	água,chafariz,fonte,praça
⛱	guarda-sol	chuva,clima,guarda-sol,praia,sol,sombra,sombrinha
🏖	praia e guarda-sol	guarda-sol,praia,praia e guarda-sol
🏝	ilha deserta	ilha,ilha deserta,palmeira,praia
🏜	deserto	clima seco,deserto
🌋	vulcão	erupção vulcânica,lava,natureza,vulcão
⛰	montanha	montanha,natureza
🏔	montanha com neve	alpes,frio,montanha,montanha com neve,neve
🗻	Monte Fuji	montanha,Monte Fuji
🏕	acampamento	acampamento,barraca
⛺	barraca	acampamento,acampar,barraca
🏠	casa	casa,construção,domicílio,lar,residência
🏡	casa com jardim	casa,casa com jardim,construção,jardim,lar
🏘	casas	casas
🏢	edifício comercial	edifício,edifício comercial,escritório
🏣	correio japonês	correio,japonês,oriental,prédio
🏥	hospital	doente,hospital,internado,médico,prédio
🏦	banco	banco,prédio
🏨	hotel	hotel,prédio
🏪	loja de conveniência	24 horas,24h,conveniência,loja,loja de conveniência,prédio
🏫	escola	colégio,escola,prédio,prédio da escola
🏬	loja de departamentos	departamentos,estabelecimento comercial,loja,loja de departamentos
🏭	fábrica	fábrica,prédio
⛪	igreja	capela,cristã,cristão,igreja,missa,prédio,religião
🕌	mesquita	islã,mesquita,muçulmano,religião
🕍	sinagoga	judaísmo,judeu,judia,religião,sinagoga,templo
🌃	noite estrelada	cidade à noite,estrelas,noite,noite estrelada,prédios
🌆	cidade ao anoitecer	anoitecer,cidade,cidade ao anoitecer,noite,paisagem,pôr do sol,prédio
🌇	pôr do sol	anoitecer,calor,cidade,entardecer,pôr do sol,pôr do sol sobre prédios,prédio
🌉	ponte à noite	noite,ponte,ponte à noite,pontilhão
🌌	via láctea	céu,espaço,estrelado,via láctea
🌁	enevoado	bruma,cerração,enevoado,neblina,névoa,nevoeiro
⌚	relógio de pulso	hora,relógio,relógio de pulso,tempo
📱	telefone celular	celular,telefone,telefone móvel
💻	laptop	computador,laptop,notebook,PC,pessoal,trabalho
⌨️	teclado	acessório,computador,digitação,teclado
🖥	computador de mesa	computador,computador de mesa,desktop,mesa,monitor
🖨	impressora	acessório,computador,documento,impressão,impressora,imprimir
🖱	mouse	acessório,computador,mouse
💽	minidisc	computação,disc,disco,HD,MD,mini,minidisc,rígido
💾	disquete	computador,disco,disco flexível,disquete
💿	cd	blu-ray,cd,CD,computador,disco,DVD,óptico
📷	câmera	câmera,foto,selfie,vídeo
📸	câmera com flash	câmera,flash,foto,fotografia,vídeo
📹	câmera de vídeo	câmera,filmadora,vídeo
🎥	câmera de cinema	câmera,cinema,entretenimento,filmar,filme,hollywood
📞	telefone	aparelho de telefone,comunicação,telefone
☎️	telefone no gancho	gancho,telefone,telefone no gancho
📟	pager	comunicação,pager
📠	fax	comunicação,fax,máquina de fax
📺	televisão	canal,televisão,TV,vídeo
📻	rádio	rádio,radiola,som,vídeo
🎙	microfone de estúdio	estúdio,microfone,microfone de estúdio,música
⏱	cronômetro	cronômetro,relógio,tempo
⏲	relógio temporizador	cronômetro,relógio,relógio temporizador,timer
⏰	despertador	alarme,atrasada,atrasado,despertador,hora,horário,relógio
🕰	relógio de mesa	relógio,relógio antigo,relógio de mesa
⌛	ampulheta	ampulheta,areia,tempo
⏳	ampulheta contando o tempo	ampulheta,areia,cheia,contando,em cima,hora,relógio,tempo
📡	antena parabólica	antena,comunicação,parabólica,satélite
🔋	pilha	bateria,pilha
🔌	tomada elétrica	cabo,elétrica,eletricidade,energia,plugue,tomada
💡	lâmpada	elétrica,ideia,lâmpada,luz,quadrinhos,tenho uma ideia
🔦	lanterna	elétrica,ferramenta,lanterna,luz
🕯	vela	acesa,luz,vela
🗑	lixeira	cesto,lixeira,lixo
🛢	barril de óleo	barril,lata,latão,óleo
💸	dinheiro voando	asas,banco,cédula,dinheiro,dinheiro indo embora,nota,voando
💵	nota de dólar	dinheiro,dólar,moeda,nota,nota bancária,nota de dólar
💴	nota de iene	cédula,dinheiro,grana,iene,moeda,nota
💶	nota de euro	cédula,dinheiro,euro,grana,moeda,nota
💷	nota de libra	cédula,dinheiro,grana,libra,moeda,nota
💰	saco de dinheiro	dinheiro,dólares,saco
💳	cartão de crédito	banco,cartão,crédito,débito,dinheiro
💎	pedra preciosa	diamante,joia,pedra preciosa
⚖️	balança	balança,ferramenta,justiça,libra,peso,zodíaco
🔧	chave inglesa	chave,ferramenta,inglesa,obra,reforma
🔨	martelo	construção,ferramenta,martelada,martelo,reparo
⚒	martelo e picareta	ferramenta,geologia,martelo,picareta
🛠	martelo e chave-inglesa	chave,chave-inglesa,ferramenta,inglesa,martelo
⛏	picareta	ferramenta,mineração,picareta
🔩	porca e parafuso	construção,ferramenta,parafuso,porca
⚙️	engrenagem	engrenagem,ferramenta
⛓	correntes	corrente,metal
🔫	pistola d’água	água,arma,ferramenta,pistola,pistola d’água,revólver
💣	bomba	bomba,emoção,engraçado,explosão,explosivo,perigo
🔪	faca de cozinha	chef,cozinhar,faca,faca de cozinha
🗡	adaga	adaga,arma,faca
⚔️	espadas cruzadas	arma,batalha,cruzadas,espadas,guerra
🛡	escudo	arma,escudo
🚬	cigarro	cigarro,é permitido fumar,fumante,fumar,fumo,símbolo,símbolo para “É permitido fumar”
⚰️	caixão	caixão,caixão funerário,funeral,morte,velório
🔮	bola de cristal	adivinhação,bola,cristal,destino,futuro,prever
📿	rosário de oração	acessório,oração,religião,reza,rosário,rosário de oração,terço
💈	barbearia	barbearia,barbeiro,barber pole,cortar cabelo,poste,poste de barbeiro
⚗️	alambique	alambique,ferramenta,química
🔭	telescópio	ciência,ferramenta,telescópio
🔬	microscópio	ciência,ferramenta,microscópico,microscópio
🕳	buraco	buraco,buraco no chão
💊	comprimido	cápsula,comprimido,medicina,médico,pílula,remédio
💉	seringa	agulha,injeção,médico,remédio,seringa,vacina,vacinação
🌡	termômetro	clima,temperatura,tempo,termômetro
🚽	vaso sanitário	banheiro,patente,privada,sanitário,toalete,vaso
🚿	chuveiro	água,banho,chuveiro,ducha
🛁	banheira	banheira,banho
🔑	chave	chave,senha,trancado,trancar
🗝	chave antiga	antiga,chave,fechadura
🚪	porta	fechada,porta
🛋	sofá e luminária	hotel,lâmpada,sofá,sofá e luminária
🛏	cama	cama,dormir,hotel,sono
🖼	quadro emoldurado	arte,emoldurado,moldura,museu,pintura,quadro
🛍	sacolas de compras	compras,presente,sacolas,shopping
🎁	presente	comemoração,embrulhado,mimo,presente
🎈	balão	aniversário,balão,celebração,comemoração,festa,parabéns
🎏	bandeira de carpas	bandeira,carpas,comemoração,koinobori
🎀	laço de fita	comemoração,fita,laço,presente
🎊	confete	bola,celebração,comemoração,confete,eba,oba,parabéns
🎉	cone de festa	alegria,aniversário,celebrar,comemoração,cone,eba,festa,oba,parabéns
✉️	envelope	carta,correspondência,e-mail,email,envelope
📩	envelope com seta	carta,comunicação,correspondência,e-mail,email,envelope,seta
📨	envelope chegando	carta,chegando,comunicação,correspondência,e-mail,envelope,nova,recebida
📧	e-mail	carta,comunicação,correspondência,e-mail
📦	pacote	caixa,embrulho,pacote
📪	caixa de correio fechada com bandeira abaixada	abaixada,bandeira,caixa,correio,correspondência,fechada,vazia
📫	caixa de correio fechada com bandeira levantada	bandeira,caixa,correio,correspondência,fechada,levantada
📬	caixa de correio aberta com bandeira levantada	aberta,bandeira,caixa de correio aberta com bandeira levantada,caixa de correspondência aberta com bandeira levantada,correspondência
📭	caixa de correio aberta com bandeira abaixada	aberta,bandeira,caixa de correio aberta com bandeira abaixada,caixa de correspondência aberta com bandeira abaixada,caixa de correspondência aberta e vazia,correspondência
📮	caixa de correio	caixa,carta,correio,correspondência,enviar
📝	memorando	anotações,caderno,comunicação,lápis,memorando,notas
✏️	lápis	lápis
🖊	caneta	caneta,esferográfica,tinteiro
🖋	caneta tinteiro	caneta,destro,tinteiro
📏	régua reta	régua,régua reta
📐	régua triangular	ângulo,geometria,matemática,régua,triangular,triângulo
📌	tacha	alfinete,tacha
📎	clipe de papel	clipe,clipe de papel
🔗	link	anéis,corrente,dois,link,símbolo,vínculo
📚	livros	biblioteca,estudando,estudar,leitura,lendo,ler,livraria,livro,livros
📖	livro aberto	aberto,biblioteca,leitura,lendo,ler,livraria,livro
📰	jornal	jornal,notícias
🗞	jornal enrolado	enrolado,jornal,notícias
🔖	marcador de página	livro,marcador,página
🏷	etiqueta	etiqueta,identificar,rótulo
💼	maleta	mala,maleta,pasta
📁	pasta de arquivos	arquivo,pasta,pasta de arquivos
📂	pasta de arquivos aberta	aberta,abrir,arquivo,pasta
🗂	divisores de pastas	arquivo,divisor,índice,organizador,pasta
📅	calendário	calendário,data,datas
📆	calendário com folhas destacáveis	calendário,data,destacáveis,destacável,dia,folha,páginas,várias
🗓	calendário espiral	bloco,calendário,data,espiral
📇	índice de cartões	índice,índice de cartões
📈	gráfico subindo	crescimento,diagrama,gráfico,gráfico de tendência de crescimento,gráfico subindo,tendência de crescimento
📉	gráfico caindo	diagrama,gráfico,gráfico caindo,gráfico de tendência negativa,negativa,tendência negativa
📊	gráfico de barras	barra,diagrama,gráfico
📋	prancheta	anotações,prancheta
🗒	bloco espiral	bloco,caderno,espiral
🗃	caixa de arquivos	arquivo,caixa,cartão,documentos,ficheiro
🗄	gavetas de escritório	arquivo,escritório,gabinete,gavetas,gavetas de escritório
🔍	lupa para a esquerda	aumento,busca,esquerda,ferramenta,lente,lupa,pesquisa,procura
🔎	lupa para a direita	aumento,busca,direita,ferramenta,lente,lupa,pesquisa,procura
🔒	cadeado	cadeado,fechado,trancado
🔓	cadeado aberto	aberto,cadeado,destrancado
❤️	coração vermelho	amor,coração,coração vermelho,s2
🧡	coração laranja	coração,emoção,laranja,s2
💛	coração amarelo	amarelo,amor,coração,emoção,love,s2
💚	coração verde	coração,emoção,s2,verde
💙	coração azul	azul,coração,emoção,s2
💜	coração roxo	coração,coração lilás,emoção,roxo,s2
🖤	coração preto	coração,negro,preto,s2
💔	coração partido	amorosa,coração,decepção,desilusão,emoção,partido,quebrado,rompimento,s2,sofrendo,sofrimento,triste
❣️	exclamação de coração	amor,coração,exclamação,pontuação,s2,sinal
💕	dois corações	amor,aniversário,casal,coração,dois,emoção,s2
💞	corações girando	adorável,amor,bonitinho,coração,corações,emoção,girando,s2
💓	coração pulsante	amor,batendo,coração,emoção,pulsante,s2
💗	coração crescendo	amor,animado,batendo,coração,crescendo,emoção,nervosismo,s2
💖	coração brilhante	amor,brilhante,coração,emoção,emocionante,s2
💘	coração com flecha	amor,coração,cupido,emoção,flecha,flechado,paixão,romance,s2
💝	coração com fita	amor,aniversário,coração,dia dos namorados,fita,presente,s2
☮️	símbolo da paz	paz,símbolo,símbolo da paz
✝️	cruz latina	cristão,cruz,cruz latina,religião
☪️	estrela e lua crescente	estrela e lua crescente,islã,muçulmano,religião,símbolo islã
🕉	om	hindu,om,religião
☸️	roda do Dharma	budista,dharma,religião,roda,roda do Dharma
✡️	estrela de Davi	davi,estrela,estrela de Davi,judaico,judeu,religião
🔯	estrela de seis pontas	adivinhação,destino,estrela de seis pontas,seis pontas
🕎	menorá	candelabro,candelabro judeu,castiçal,judaísmo,memorah,menorá,religião
☯️	yin yang	religião,tao,taoista,taoistas,yang,yin,yin-yang
☦️	cruz ortodoxa	cristão,cruz,cruz ortodoxa,religião
⛎	signo de Ofiúco	cobra,Ofiúco,Ophiuchus,serpente,signo de Ofiúco,zodíaco
♈	signo de Áries	Áries,carneiro,signo de Áries,zodíaco
♉	signo de Touro	boi,signo de Touro,touro,zodíaco
♊	signo de Gêmeos	gêmeos,signo de Gêmeos,zodíaco
♋	signo de Câncer	câncer,caranguejo,signo de Câncer,zodíaco
♌	signo de Leão	leão,signo de Leão,zodíaco
♍	signo de Virgem	signo de Virgem,virgem,zodíaco
♎	signo de Libra	balança,justiça,libra,signo de Libra,signo de Virgem,zodíaco
♏	signo de Escorpião	escorpião,signo de Escorpião,zodíaco
♐	signo de Sagitário	arqueiro,sagitário,signo de Sagitário,zodíaco
♑	signo de Capricórnio	cabra,capricórnio,signo de Capricórnio,zodíaco
♒	signo de Aquário	água,aquário,signo de Aquário,zodíaco
♓	signo de Peixes	peixes,signo de Peixes,zodíaco
🆔	botão ID	botão ID,ID,identidade,símbolo,símbolo “ID”
⚛️	símbolo de átomo	ateísmo,ateu,átomo,símbolo de átomo,símbolo do ateísmo
🉑	botão japonês de “aceitável”	“aceitável”,aceitar,alfabeto,botão japonês de “aceitável”,chinês,ideográfico circular “aceitar”,ideograma,japonês,可
☢️	radioativo	perigo,radiação,radiativo,radioativo,símbolo,sinal
☣️	risco biológico	biológico,ciência,perigo,resíduos,resíduos biológicos,risco
📴	telefone celular desligado	celular,desligado,desligue o celular,smartphone,telefone
📳	modo vibratório	cel,celular,modo,modo vibratório,smartphone,telefone,vibração
🈶	botão japonês de “não gratuito”	“não gratuito”,alfabeto,botão japonês de “não gratuito”,ideográfico,ideograma,japonês,não gratuito,有
🈚	botão japonês de “gratuito”	“gratuito”,alfabeto,botão japonês de “gratuito”,de graça,grátis,ideográfico,ideograma,japonês,sem custo,無
🈸	botão japonês de “aplicação”	“aplicação”,alfabeto,aplicar,botão japonês de “aplicação”,chinês,ideográfico quadrado “aplicar”,ideograma,japonês,申
🈺	botão japonês de “aberto para negócios”	“aberto para negócios”,botão japonês de “aberto para negócios”,chinês,ideográfico quadrado “operando”,ideograma,japonês,operando,営
🈷️	botão japonês de “quantidade mensal”	“quantidade mensal”,alfabeto,botão japonês de “quantidade mensal”,ideográfico,ideograma,japonês,valor mensal,月
✴️	estrela de oito pontas	*,estrela,estrela de oito pontas,oito pontas
🆚	botão VS	botão vs,botão VS,símbolo,símbolo “vs”,versus,vs
💮	flor branca	carimbo,carimbo de flor,carimbo de parabéns,flor,flor branca
🉐	botão japonês de “barganha”	“barganha”,alfabeto,barganha,botão japonês de “barganha”,ideográfico,ideograma,japonês,pechincha,得
㊙️	botão japonês de “segredo”	“segredo”,alfabeto,botão japonês de “segredo”,ideográfico,ideográfico circular “segredo”,ideograma,japonês,segredo,秘
㊗️	botão japonês de “parabéns”	“parabéns”,alfabeto,botão japonês de “parabéns”,ideográfico,ideográfico circular “parabéns”,ideograma,janonês,japonês,parabéns,祝
🈴	botão japonês de “nota mínima”	“nota mínima”,alfabeto,botão japonês de “nota mínima”,chinês,ideográfico,ideográfico quadrado “juntos”,ideograma,japonês,juntos,合
🈵	botão japonês de “sem vagas”	“sem vagas”,alfabeto,botão japonês de “sem vagas”,completude,ideográfico,ideográfico quadrado “completude”,ideograma,japonês,満
🈹	botão japonês de “desconto”	“desconto”,alfabeto,botão japonês de “desconto”,desconto,ideográfico,ideograma,japonês,割
🈲	botão japonês de “proibido”	“proibido”,alfabeto,botão japonês de “proibido”,ideográfico,ideográfico quadrado “proibir”,ideograma,japonês,proibido,proibir,禁
🅰️	botão A (tipo sanguíneo)	A,botão A (tipo sanguíneo),sangue,tipo A,tipo sanguíneo,tipo sanguíneo A
🅱️	botão B (tipo sanguíneo)	B,botão B (tipo sanguíneo),sangue,tipo B,tipo sanguíneo,tipo sanguíneo B
🆎	botão AB (tipo sanguíneo)	AB,botão AB (tipo sanguíneo),sangue,tipo AB,tipo sanguíneo,tipo sanguíneo AB
🆑	botão CL	botão CL,cl,CL,limpar,símbolo do CL
🅾️	botão O (tipo sanguíneo)	botão O (tipo sanguíneo),O,sangue,tipo O,tipo sanguíneo,tipo sanguíneo O
🆘	botão SOS	Ajuda,botão SOS,símbolo,símbolo “SOS”,Socorro,SOS
❌	xis	×,cancelar,multiplicação,multiplicar,vermelho,X,xis
⭕	círculo grande oco	aro,círculo,círculo grande oco,círculo vermelho vazio,grande,o,vermelho
🛑	sinal de pare	pare,sinal,sinal de pare
⛔	entrada proibida	entrada,entre,não,placa,proibida,proibido,sinal,trânsito
📛	crachá	crachá,identificação,nome
🚫	proibido	entrada,não,proibida,proibido,símbolo,sinal
💯	cem pontos	100,cem,certamente,certeza,conte comigo,pontos,sem dúvida,top,total
💢	símbolo de raiva	com raiva,emoção,engraçado,raiva,símbolo de raiva
♨️	chamas	calor,chamas,fogo,fumaça,quente
🚷	proibida a passagem de pedestres	não,passagem,pedestre,permitidos,proibida,proibido
🚯	proibido jogar lixo no chão	jogar,lixo,não,não jogue lixo no chão,proibido,símbolo
🚳	proibido andar de bicicleta	bicicleta,não,permitidas,proibido,sem
🚱	água não potável	água,consumo,imprópria,não,potável,proibido,seco,sem
🔞	proibido para menores de 18 anos	18,anos,dezoito,idade,menor,menores,proibido,restrição
📵	proibido o uso de telefone celular	cel,celular,não,permitidos,proibido,sem,smartphone,telefone
❗	ponto de exclamação vermelho	!,exclamação,ponto de exclamação,ponto de exclamação vermelho,pontuação
❓	ponto de interrogação vermelho	?,interrogação,pergunta,ponto,ponto de interrogação,ponto de interrogação vermelho,pontuação,sinal
❕	ponto de exclamação branco	!,delineado,exclamação,mark,ponto,ponto de exclamação branco,pontuação,sinal
❔	ponto de interrogação branco	?,delineado,interrogação,pergunta,ponto de interrogação branco,pontuação,sinal
‼️	dupla exclamação	!,!!,dupla exclamação,exclamação,exclamação dupla,explosão,ponto de exclamação duplo,pontuação
⁉️	exclamação com interrogação	!,!?,?,exclamação,exclamação com interrogação,interrogação,pergunta,pontuação,sinal
🔅	botão de diminuir brilho	botão de diminuir brilho,brilho,diminuir,escurecer,símbolo para reduzir brilho
🔆	botão de aumentar brilho	aumentar brilho,botão de aumentar brilho,brilho,símbolo para aumentar brilho
〽️	sinal japonês indicando início de música	canto,japonês,símbolo japonês de canto,sinal japonês indicando início de música
⚠️	aviso	atenção,aviso,cuidado,sinal
🚸	crianças atravessando	atravessando,criança,crianças,pedestre,símbolo,tráfego
🔱	emblema de tridente	âncora,emblema,emblema de tridente,ferramenta,navio,símbolo de tridente,tridente
⚜️	flor-de-lis	cavaleiros,flor-de-lis,símbolo
🔰	símbolo japonês de principiante	folha verde e amarela,iniciante,japonês,símbolo japonês de principiante,símbolo japonês para iniciante,verde e amarela,verde e amarelo
♻️	símbolo de reciclagem	reciclagem,reclicar,símbolo de reciclagem,símbolo de reciclagem sólido universal,sinal
✅	marca de seleção branca	✓,botão,check,completo,feito,marca,marca de seleção branca,marca de verificação,marca de verificação grande,verificação,verificado
🈯	botão japonês de “reservado”	“reservado”,alfabeto,botão japonês de “reservado”,ideográfico,ideograma,japonês,reservado,指
💹	gráfico subindo com iene	ascendente,ascensão,crescimento,dinheiro,gráfico,gráfico subindo com iene,iene,iene em alta,mercado
❇️	faísca	*,cruz,faísca
✳️	asterisco de oito pontas	*,asterisco,asterisco de oito pontas,estrela
❎	botão de xis	×,botão com x,botão de caixa com X,botão de xis,marcado,multiplicar,quadrado,x,x em um quadrado verde,x verde
🌐	globo com meridianos	globo com meridianos,meridianos
💠	diamante com um ponto	cômico,dentro,diamante,diamante com ponto,diamante com um ponto,formato de diamante,geométrico
Ⓜ️	círculo com a letra M	círculo,círculo com a letra M,letra M,m
🌀	ciclone	ciclone,clima,espiral,furacão,tonto,twister,zonzo
💤	zzz	boa noite,cansada,cansado,com sono,dormindo,dormir,emoção,engraçado,roncando,sono,Zzz
🏧	símbolo de caixa automático	ATM,automático,banco,caixa,dinheiro,eletrônico,grana,saque,símbolo
🚾	WC	latrina,lavabo,privada,toalete,vaso sanitário,WC
♿	símbolo de cadeira de rodas	acesso,cadeira,rodas,símbolo,sinal
🅿️	botão P	botão P,estacionamento,estacionar,garagem de carros
🈳	botão japonês de “vago”	“vago”,alfabeto,botão japonês de “vago”,ideográfico,ideograma,japonês,vaga,vago,vazio,空
🈂️	botão japonês de “taxa de serviço”	“taxa de serviço”,alfabeto,botão japonês de “taxa de serviço”,japonês,katakana,katanaka,sa,taxa de serviço,サ
🛂	controle de passaportes	controle,passaporte
🛃	alfândega	aduana,aduaneira,alfândega,bens,federal,impostos,receita
🛄	restituição de bagagem	aeroporto,área,bagagem,bagagens,esteira,férias,mala,recolhimento,restituição,viagem
🛅	depósito de bagagem	bagagem,depósito,esquecida,malas,serviço
🏳️	bandeira branca	bandeira,branca,paz,tremulando
🏴	bandeira preta	bandeira,preta,tremulando
🏁	bandeira quadriculada	bandeira,chegada,corrida,esporte,quadriculada,vitória
🚩	bandeira triangular	bandeira,informações,localização,poste,triangular,vermelha,vermelho
🏳️‍🌈	bandeira do arco-íris	arco-íris,bandeira,bissexual,gay,lésbica,lgbt,lgbtq,lgbtqia,orgulho,transexual,transgênero,travesti
🇺🇸	bandeira: Estados Unidos	bandeira
🇬🇧	bandeira: Reino Unido	bandeira
🇨🇦	bandeira: Canadá	bandeira
🇦🇺	bandeira: Austrália	bandeira
🇳🇿	bandeira: Nova Zelândia	bandeira
🇮🇪	bandeira: Irlanda	bandeira
🇫🇷	bandeira: França	bandeira
🇩🇪	bandeira: Alemanha	bandeira
🇪🇸	bandeira: Espanha	bandeira
🇮🇹	bandeira: Itália	bandeira
🇵🇹	bandeira: Portugal	bandeira
🇳🇱	bandeira: Países Baixos	bandeira
🇧🇪	bandeira: Bélgica	bandeira
🇨🇭	bandeira: Suíça	bandeira
🇦🇹	bandeira: Áustria	bandeira
🇸🇪	bandeira: Suécia	bandeira
🇳🇴	bandeira: Noruega	bandeira
🇩🇰	bandeira: Dinamarca	bandeira
🇫🇮	bandeira: Finlândia	bandeira
🇮🇸	bandeira: Islândia	bandeira
🇵🇱	bandeira: Polônia	bandeira
🇨🇿	bandeira: Tchéquia	bandeira
🇬🇷	bandeira: Grécia	bandeira
🇹🇷	bandeira: Turquia	bandeira
🇷🇺	bandeira: Rússia	bandeira
🇺🇦	bandeira: Ucrânia	bandeira
🇯🇵	bandeira: Japão	bandeira
🇰🇷	bandeira: Coreia do Sul	bandeira
🇨🇳	bandeira: China	bandeira
🇮🇳	bandeira: Índia	bandeira
🇧🇷	bandeira: Brasil	bandeira
🇲🇽	bandeira: México	bandeira
🇦🇷	bandeira: Argentina	bandeira
🇿🇦	bandeira: África do Sul	bandeira
🇳🇬	bandeira: Nigéria	bandeira
🇰🇪	bandeira: Quênia	bandeira
🇪🇬	bandeira: Egito	bandeira
🇮🇱	bandeira: Israel	bandeira
🇸🇦	bandeira: Arábia Saudita	bandeira
🇦🇪	bandeira: Emirados Árabes Unidos	bandeira
🇸🇬	bandeira: Singapura	bandeira
🇹🇭	bandeira: Tailândia	bandeira
🇻🇳	bandeira: Vietnã	bandeira
🇵🇭	bandeira: Filipinas	bandeira
🇮🇩	bandeira: Indonésia	bandeira
